id,psgcCode,citymunDesc,regDesc,provCode,citymunCode
1,12801000,Adams,1,128,12801
2,12802000,Bacarra,1,128,12802
3,12803000,Badoc,1,128,12803
4,12804000,Bangui,1,128,12804
5,12805000,City Of Batac,1,128,12805
6,12806000,Burgos,1,128,12806
7,12807000,Carasi,1,128,12807
8,12808000,Currimao,1,128,12808
9,12809000,Dingras,1,128,12809
10,12810000,Dumalneg,1,128,12810
11,12811000,Banna (Espiritu),1,128,12811
12,12812000,Laoag City (Capital),1,128,12812
13,12813000,Marcos,1,128,12813
14,12814000,Nueva Era,1,128,12814
15,12815000,Pagudpud,1,128,12815
16,12816000,Paoay,1,128,12816
17,12817000,Pasuquin,1,128,12817
18,12818000,Piddig,1,128,12818
19,12819000,Pinili,1,128,12819
20,12820000,San Nicolas,1,128,12820
21,12821000,Sarrat,1,128,12821
22,12822000,Solsona,1,128,12822
23,12823000,Vintar,1,128,12823
24,12901000,Alilem,1,129,12901
25,12902000,Banayoyo,1,129,12902
26,12903000,Bantay,1,129,12903
27,12904000,Burgos,1,129,12904
28,12905000,Cabugao,1,129,12905
29,12906000,City Of Candon,1,129,12906
30,12907000,Caoayan,1,129,12907
31,12908000,Cervantes,1,129,12908
32,12909000,Galimuyod,1,129,12909
33,12910000,Gregorio Del Pilar (Concepcion),1,129,12910
34,12911000,Lidlidda,1,129,12911
35,12912000,Magsingal,1,129,12912
36,12913000,Nagbukel,1,129,12913
37,12914000,Narvacan,1,129,12914
38,12915000,Quirino (Angkaki),1,129,12915
39,12916000,Salcedo (Baugen),1,129,12916
40,12917000,San Emilio,1,129,12917
41,12918000,San Esteban,1,129,12918
42,12919000,San Ildefonso,1,129,12919
43,12920000,San Juan (Lapog),1,129,12920
44,12921000,San Vicente,1,129,12921
45,12922000,Santa,1,129,12922
46,12923000,Santa Catalina,1,129,12923
47,12924000,Santa Cruz,1,129,12924
48,12925000,Santa Lucia,1,129,12925
49,12926000,Santa Maria,1,129,12926
50,12927000,Santiago,1,129,12927
51,12928000,Santo Domingo,1,129,12928
52,12929000,Sigay,1,129,12929
53,12930000,Sinait,1,129,12930
54,12931000,Sugpon,1,129,12931
55,12932000,Suyo,1,129,12932
56,12933000,Tagudin,1,129,12933
57,12934000,City Of Vigan (Capital),1,129,12934
58,13301000,Agoo,1,133,13301
59,13302000,Aringay,1,133,13302
60,13303000,Bacnotan,1,133,13303
61,13304000,Bagulin,1,133,13304
62,13305000,Balaoan,1,133,13305
63,13306000,Bangar,1,133,13306
64,13307000,Bauang,1,133,13307
65,13308000,Burgos,1,133,13308
66,13309000,Caba,1,133,13309
67,13310000,Luna,1,133,13310
68,13311000,Naguilian,1,133,13311
69,13312000,Pugo,1,133,13312
70,13313000,Rosario,1,133,13313
71,13314000,City Of San Fernando (Capital),1,133,13314
72,13315000,San Gabriel,1,133,13315
73,13316000,San Juan,1,133,13316
74,13317000,Santo Tomas,1,133,13317
75,13318000,Santol,1,133,13318
76,13319000,Sudipen,1,133,13319
77,13320000,Tubao,1,133,13320
78,15501000,Agno,1,155,15501
79,15502000,Aguilar,1,155,15502
80,15503000,City Of Alaminos,1,155,15503
81,15504000,Alcala,1,155,15504
82,15505000,Anda,1,155,15505
83,15506000,Asingan,1,155,15506
84,15507000,Balungao,1,155,15507
85,15508000,Bani,1,155,15508
86,15509000,Basista,1,155,15509
87,15510000,Bautista,1,155,15510
88,15511000,Bayambang,1,155,15511
89,15512000,Binalonan,1,155,15512
90,15513000,Binmaley,1,155,15513
91,15514000,Bolinao,1,155,15514
92,15515000,Bugallon,1,155,15515
93,15516000,Burgos,1,155,15516
94,15517000,Calasiao,1,155,15517
95,15518000,Dagupan City,1,155,15518
96,15519000,Dasol,1,155,15519
97,15520000,Infanta,1,155,15520
98,15521000,Labrador,1,155,15521
99,15522000,Lingayen (Capital),1,155,15522
100,15523000,Mabini,1,155,15523
101,15524000,Malasiqui,1,155,15524
102,15525000,Manaoag,1,155,15525
103,15526000,Mangaldan,1,155,15526
104,15527000,Mangatarem,1,155,15527
105,15528000,Mapandan,1,155,15528
106,15529000,Natividad,1,155,15529
107,15530000,Pozorrubio,1,155,15530
108,15531000,Rosales,1,155,15531
109,15532000,San Carlos City,1,155,15532
110,15533000,San Fabian,1,155,15533
111,15534000,San Jacinto,1,155,15534
112,15535000,San Manuel,1,155,15535
113,15536000,San Nicolas,1,155,15536
114,15537000,San Quintin,1,155,15537
115,15538000,Santa Barbara,1,155,15538
116,15539000,Santa Maria,1,155,15539
117,15540000,Santo Tomas,1,155,15540
118,15541000,Sison,1,155,15541
119,15542000,Sual,1,155,15542
120,15543000,Tayug,1,155,15543
121,15544000,Umingan,1,155,15544
122,15545000,Urbiztondo,1,155,15545
123,15546000,City Of Urdaneta,1,155,15546
124,15547000,Villasis,1,155,15547
125,15548000,Laoac,1,155,15548
126,20901000,Basco (Capital),2,209,20901
127,20902000,Itbayat,2,209,20902
128,20903000,Ivana,2,209,20903
129,20904000,Mahatao,2,209,20904
130,20905000,Sabtang,2,209,20905
131,20906000,Uyugan,2,209,20906
132,21501000,Abulug,2,215,21501
133,21502000,Alcala,2,215,21502
134,21503000,Allacapan,2,215,21503
135,21504000,Amulung,2,215,21504
136,21505000,Aparri,2,215,21505
137,21506000,Baggao,2,215,21506
138,21507000,Ballesteros,2,215,21507
139,21508000,Buguey,2,215,21508
140,21509000,Calayan,2,215,21509
141,21510000,Camalaniugan,2,215,21510
142,21511000,Claveria,2,215,21511
143,21512000,Enrile,2,215,21512
144,21513000,Gattaran,2,215,21513
145,21514000,Gonzaga,2,215,21514
146,21515000,Iguig,2,215,21515
147,21516000,Lal-Lo,2,215,21516
148,21517000,Lasam,2,215,21517
149,21518000,Pamplona,2,215,21518
150,21519000,Peã‘Ablanca,2,215,21519
151,21520000,Piat,2,215,21520
152,21521000,Rizal,2,215,21521
153,21522000,Sanchez-Mira,2,215,21522
154,21523000,Santa Ana,2,215,21523
155,21524000,Santa Praxedes,2,215,21524
156,21525000,Santa Teresita,2,215,21525
157,21526000,Santo Niã‘O (Faire),2,215,21526
158,21527000,Solana,2,215,21527
159,21528000,Tuao,2,215,21528
160,21529000,Tuguegarao City (Capital),2,215,21529
161,23101000,Alicia,2,231,23101
162,23102000,Angadanan,2,231,23102
163,23103000,Aurora,2,231,23103
164,23104000,Benito Soliven,2,231,23104
165,23105000,Burgos,2,231,23105
166,23106000,Cabagan,2,231,23106
167,23107000,Cabatuan,2,231,23107
168,23108000,City Of Cauayan,2,231,23108
169,23109000,Cordon,2,231,23109
170,23110000,Dinapigue,2,231,23110
171,23111000,Divilacan,2,231,23111
172,23112000,Echague,2,231,23112
173,23113000,Gamu,2,231,23113
174,23114000,Ilagan City (Capital),2,231,23114
175,23115000,Jones,2,231,23115
176,23116000,Luna,2,231,23116
177,23117000,Maconacon,2,231,23117
178,23118000,Delfin Albano (Magsaysay),2,231,23118
179,23119000,Mallig,2,231,23119
180,23120000,Naguilian,2,231,23120
181,23121000,Palanan,2,231,23121
182,23122000,Quezon,2,231,23122
183,23123000,Quirino,2,231,23123
184,23124000,Ramon,2,231,23124
185,23125000,Reina Mercedes,2,231,23125
186,23126000,Roxas,2,231,23126
187,23127000,San Agustin,2,231,23127
188,23128000,San Guillermo,2,231,23128
189,23129000,San Isidro,2,231,23129
190,23130000,San Manuel,2,231,23130
191,23131000,San Mariano,2,231,23131
192,23132000,San Mateo,2,231,23132
193,23133000,San Pablo,2,231,23133
194,23134000,Santa Maria,2,231,23134
195,23135000,City Of Santiago,2,231,23135
196,23136000,Santo Tomas,2,231,23136
197,23137000,Tumauini,2,231,23137
198,25001000,Ambaguio,2,250,25001
199,25002000,Aritao,2,250,25002
200,25003000,Bagabag,2,250,25003
201,25004000,Bambang,2,250,25004
202,25005000,Bayombong (Capital),2,250,25005
203,25006000,Diadi,2,250,25006
204,25007000,Dupax Del Norte,2,250,25007
205,25008000,Dupax Del Sur,2,250,25008
206,25009000,Kasibu,2,250,25009
207,25010000,Kayapa,2,250,25010
208,25011000,Quezon,2,250,25011
209,25012000,Santa Fe,2,250,25012
210,25013000,Solano,2,250,25013
211,25014000,Villaverde,2,250,25014
212,25015000,Alfonso Castaneda,2,250,25015
213,25701000,Aglipay,2,257,25701
214,25702000,Cabarroguis (Capital),2,257,25702
215,25703000,Diffun,2,257,25703
216,25704000,Maddela,2,257,25704
217,25705000,Saguday,2,257,25705
218,25706000,Nagtipunan,2,257,25706
219,30801000,Abucay,3,308,30801
220,30802000,Bagac,3,308,30802
221,30803000,City Of Balanga (Capital),3,308,30803
222,30804000,Dinalupihan,3,308,30804
223,30805000,Hermosa,3,308,30805
224,30806000,Limay,3,308,30806
225,30807000,Mariveles,3,308,30807
226,30808000,Morong,3,308,30808
227,30809000,Orani,3,308,30809
228,30810000,Orion,3,308,30810
229,30811000,Pilar,3,308,30811
230,30812000,Samal,3,308,30812
231,31401000,Angat,3,314,31401
232,31402000,Balagtas (Bigaa),3,314,31402
233,31403000,Baliuag,3,314,31403
234,31404000,Bocaue,3,314,31404
235,31405000,Bulacan,3,314,31405
236,31406000,Bustos,3,314,31406
237,31407000,Calumpit,3,314,31407
238,31408000,Guiguinto,3,314,31408
239,31409000,Hagonoy,3,314,31409
240,31410000,City Of Malolos (Capital),3,314,31410
241,31411000,Marilao,3,314,31411
242,31412000,City Of Meycauayan,3,314,31412
243,31413000,Norzagaray,3,314,31413
244,31414000,Obando,3,314,31414
245,31415000,Pandi,3,314,31415
246,31416000,Paombong,3,314,31416
247,31417000,Plaridel,3,314,31417
248,31418000,Pulilan,3,314,31418
249,31419000,San Ildefonso,3,314,31419
250,31420000,City Of San Jose Del Monte,3,314,31420
251,31421000,San Miguel,3,314,31421
252,31422000,San Rafael,3,314,31422
253,31423000,Santa Maria,3,314,31423
254,31424000,Doã‘A Remedios Trinidad,3,314,31424
255,34901000,Aliaga,3,349,34901
256,34902000,Bongabon,3,349,34902
257,34903000,Cabanatuan City,3,349,34903
258,34904000,Cabiao,3,349,34904
259,34905000,Carranglan,3,349,34905
260,34906000,Cuyapo,3,349,34906
261,34907000,Gabaldon (Bitulok & Sabani),3,349,34907
262,34908000,City Of Gapan,3,349,34908
263,34909000,General Mamerto Natividad,3,349,34909
264,34910000,General Tinio (Papaya),3,349,34910
265,34911000,Guimba,3,349,34911
266,34912000,Jaen,3,349,34912
267,34913000,Laur,3,349,34913
268,34914000,Licab,3,349,34914
269,34915000,Llanera,3,349,34915
270,34916000,Lupao,3,349,34916
271,34917000,Science City Of Muã‘Oz,3,349,34917
272,34918000,Nampicuan,3,349,34918
273,34919000,Palayan City (Capital),3,349,34919
274,34920000,Pantabangan,3,349,34920
275,34921000,Peã‘Aranda,3,349,34921
276,34922000,Quezon,3,349,34922
277,34923000,Rizal,3,349,34923
278,34924000,San Antonio,3,349,34924
279,34925000,San Isidro,3,349,34925
280,34926000,San Jose City,3,349,34926
281,34927000,San Leonardo,3,349,34927
282,34928000,Santa Rosa,3,349,34928
283,34929000,Santo Domingo,3,349,34929
284,34930000,Talavera,3,349,34930
285,34931000,Talugtug,3,349,34931
286,34932000,Zaragoza,3,349,34932
287,35401000,Angeles City,3,354,35401
288,35402000,Apalit,3,354,35402
289,35403000,Arayat,3,354,35403
290,35404000,Bacolor,3,354,35404
291,35405000,Candaba,3,354,35405
292,35406000,Floridablanca,3,354,35406
293,35407000,Guagua,3,354,35407
294,35408000,Lubao,3,354,35408
295,35409000,Mabalacat City,3,354,35409
296,35410000,Macabebe,3,354,35410
297,35411000,Magalang,3,354,35411
298,35412000,Masantol,3,354,35412
299,35413000,Mexico,3,354,35413
300,35414000,Minalin,3,354,35414
301,35415000,Porac,3,354,35415
302,35416000,City Of San Fernando (Capital),3,354,35416
303,35417000,San Luis,3,354,35417
304,35418000,San Simon,3,354,35418
305,35419000,Santa Ana,3,354,35419
306,35420000,Santa Rita,3,354,35420
307,35421000,Santo Tomas,3,354,35421
308,35422000,Sasmuan (Sexmoan),3,354,35422
309,36901000,Anao,3,369,36901
310,36902000,Bamban,3,369,36902
311,36903000,Camiling,3,369,36903
312,36904000,Capas,3,369,36904
313,36905000,Concepcion,3,369,36905
314,36906000,Gerona,3,369,36906
315,36907000,La Paz,3,369,36907
316,36908000,Mayantoc,3,369,36908
317,36909000,Moncada,3,369,36909
318,36910000,Paniqui,3,369,36910
319,36911000,Pura,3,369,36911
320,36912000,Ramos,3,369,36912
321,36913000,San Clemente,3,369,36913
322,36914000,San Manuel,3,369,36914
323,36915000,Santa Ignacia,3,369,36915
324,36916000,City Of Tarlac (Capital),3,369,36916
325,36917000,Victoria,3,369,36917
326,36918000,San Jose,3,369,36918
327,37101000,Botolan,3,371,37101
328,37102000,Cabangan,3,371,37102
329,37103000,Candelaria,3,371,37103
330,37104000,Castillejos,3,371,37104
331,37105000,Iba (Capital),3,371,37105
332,37106000,Masinloc,3,371,37106
333,37107000,Olongapo City,3,371,37107
334,37108000,Palauig,3,371,37108
335,37109000,San Antonio,3,371,37109
336,37110000,San Felipe,3,371,37110
337,37111000,San Marcelino,3,371,37111
338,37112000,San Narciso,3,371,37112
339,37113000,Santa Cruz,3,371,37113
340,37114000,Subic,3,371,37114
341,37701000,Baler (Capital),3,377,37701
342,37702000,Casiguran,3,377,37702
343,37703000,Dilasag,3,377,37703
344,37704000,Dinalungan,3,377,37704
345,37705000,Dingalan,3,377,37705
346,37706000,Dipaculao,3,377,37706
347,37707000,Maria Aurora,3,377,37707
348,37708000,San Luis,3,377,37708
349,41001000,Agoncillo,4,410,41001
350,41002000,Alitagtag,4,410,41002
351,41003000,Balayan,4,410,41003
352,41004000,Balete,4,410,41004
353,41005000,Batangas City (Capital),4,410,41005
354,41006000,Bauan,4,410,41006
355,41007000,Calaca,4,410,41007
356,41008000,Calatagan,4,410,41008
357,41009000,Cuenca,4,410,41009
358,41010000,Ibaan,4,410,41010
359,41011000,Laurel,4,410,41011
360,41012000,Lemery,4,410,41012
361,41013000,Lian,4,410,41013
362,41014000,Lipa City,4,410,41014
363,41015000,Lobo,4,410,41015
364,41016000,Mabini,4,410,41016
365,41017000,Malvar,4,410,41017
366,41018000,Mataasnakahoy,4,410,41018
367,41019000,Nasugbu,4,410,41019
368,41020000,Padre Garcia,4,410,41020
369,41021000,Rosario,4,410,41021
370,41022000,San Jose,4,410,41022
371,41023000,San Juan,4,410,41023
372,41024000,San Luis,4,410,41024
373,41025000,San Nicolas,4,410,41025
374,41026000,San Pascual,4,410,41026
375,41027000,Santa Teresita,4,410,41027
376,41028000,Santo Tomas,4,410,41028
377,41029000,Taal,4,410,41029
378,41030000,Talisay,4,410,41030
379,41031000,City Of Tanauan,4,410,41031
380,41032000,Taysan,4,410,41032
381,41033000,Tingloy,4,410,41033
382,41034000,Tuy,4,410,41034
383,42101000,Alfonso,4,421,42101
384,42102000,Amadeo,4,421,42102
385,42103000,Bacoor City,4,421,42103
386,42104000,Carmona,4,421,42104
387,42105000,Cavite City,4,421,42105
388,42106000,City Of Dasmariã‘As,4,421,42106
389,42107000,General Emilio Aguinaldo,4,421,42107
390,42108000,General Trias,4,421,42108
391,42109000,Imus City,4,421,42109
392,42110000,Indang,4,421,42110
393,42111000,Kawit,4,421,42111
394,42112000,Magallanes,4,421,42112
395,42113000,Maragondon,4,421,42113
396,42114000,Mendez (Mendez-Nuã‘Ez),4,421,42114
397,42115000,Naic,4,421,42115
398,42116000,Noveleta,4,421,42116
399,42117000,Rosario,4,421,42117
400,42118000,Silang,4,421,42118
401,42119000,Tagaytay City,4,421,42119
402,42120000,Tanza,4,421,42120
403,42121000,Ternate,4,421,42121
404,42122000,Trece Martires City (Capital),4,421,42122
405,42123000,Gen. Mariano Alvarez,4,421,42123
406,43401000,Alaminos,4,434,43401
407,43402000,Bay,4,434,43402
408,43403000,City Of Biã‘An,4,434,43403
409,43404000,Cabuyao City,4,434,43404
410,43405000,City Of Calamba,4,434,43405
411,43406000,Calauan,4,434,43406
412,43407000,Cavinti,4,434,43407
413,43408000,Famy,4,434,43408
414,43409000,Kalayaan,4,434,43409
415,43410000,Liliw,4,434,43410
416,43411000,Los Baã‘Os,4,434,43411
417,43412000,Luisiana,4,434,43412
418,43413000,Lumban,4,434,43413
419,43414000,Mabitac,4,434,43414
420,43415000,Magdalena,4,434,43415
421,43416000,Majayjay,4,434,43416
422,43417000,Nagcarlan,4,434,43417
423,43418000,Paete,4,434,43418
424,43419000,Pagsanjan,4,434,43419
425,43420000,Pakil,4,434,43420
426,43421000,Pangil,4,434,43421
427,43422000,Pila,4,434,43422
428,43423000,Rizal,4,434,43423
429,43424000,San Pablo City,4,434,43424
430,43425000,City Of San Pedro,4,434,43425
431,43426000,Santa Cruz (Capital),4,434,43426
432,43427000,Santa Maria,4,434,43427
433,43428000,City Of Santa Rosa,4,434,43428
434,43429000,Siniloan,4,434,43429
435,43430000,Victoria,4,434,43430
436,45601000,Agdangan,4,456,45601
437,45602000,Alabat,4,456,45602
438,45603000,Atimonan,4,456,45603
439,45605000,Buenavista,4,456,45605
440,45606000,Burdeos,4,456,45606
441,45607000,Calauag,4,456,45607
442,45608000,Candelaria,4,456,45608
443,45610000,Catanauan,4,456,45610
444,45615000,Dolores,4,456,45615
445,45616000,General Luna,4,456,45616
446,45617000,General Nakar,4,456,45617
447,45618000,Guinayangan,4,456,45618
448,45619000,Gumaca,4,456,45619
449,45620000,Infanta,4,456,45620
450,45621000,Jomalig,4,456,45621
451,45622000,Lopez,4,456,45622
452,45623000,Lucban,4,456,45623
453,45624000,Lucena City (Capital),4,456,45624
454,45625000,Macalelon,4,456,45625
455,45627000,Mauban,4,456,45627
456,45628000,Mulanay,4,456,45628
457,45629000,Padre Burgos,4,456,45629
458,45630000,Pagbilao,4,456,45630
459,45631000,Panukulan,4,456,45631
460,45632000,Patnanungan,4,456,45632
461,45633000,Perez,4,456,45633
462,45634000,Pitogo,4,456,45634
463,45635000,Plaridel,4,456,45635
464,45636000,Polillo,4,456,45636
465,45637000,Quezon,4,456,45637
466,45638000,Real,4,456,45638
467,45639000,Sampaloc,4,456,45639
468,45640000,San Andres,4,456,45640
469,45641000,San Antonio,4,456,45641
470,45642000,San Francisco (Aurora),4,456,45642
471,45644000,San Narciso,4,456,45644
472,45645000,Sariaya,4,456,45645
473,45646000,Tagkawayan,4,456,45646
474,45647000,City Of Tayabas,4,456,45647
475,45648000,Tiaong,4,456,45648
476,45649000,Unisan,4,456,45649
477,45801000,Angono,4,458,45801
478,45802000,City Of Antipolo,4,458,45802
479,45803000,Baras,4,458,45803
480,45804000,Binangonan,4,458,45804
481,45805000,Cainta,4,458,45805
482,45806000,Cardona,4,458,45806
483,45807000,Jala-Jala,4,458,45807
484,45808000,Rodriguez (Montalban),4,458,45808
485,45809000,Morong,4,458,45809
486,45810000,Pililla,4,458,45810
487,45811000,San Mateo,4,458,45811
488,45812000,Tanay,4,458,45812
489,45813000,Taytay,4,458,45813
490,45814000,Teresa,4,458,45814
491,174001000,Boac (Capital),17,1740,174001
492,174002000,Buenavista,17,1740,174002
493,174003000,Gasan,17,1740,174003
494,174004000,Mogpog,17,1740,174004
495,174005000,Santa Cruz,17,1740,174005
496,174006000,Torrijos,17,1740,174006
497,175101000,Abra De Ilog,17,1751,175101
498,175102000,Calintaan,17,1751,175102
499,175103000,Looc,17,1751,175103
500,175104000,Lubang,17,1751,175104
501,175105000,Magsaysay,17,1751,175105
502,175106000,Mamburao (Capital),17,1751,175106
503,175107000,Paluan,17,1751,175107
504,175108000,Rizal,17,1751,175108
505,175109000,Sablayan,17,1751,175109
506,175110000,San Jose,17,1751,175110
507,175111000,Santa Cruz,17,1751,175111
508,175201000,Baco,17,1752,175201
509,175202000,Bansud,17,1752,175202
510,175203000,Bongabong,17,1752,175203
511,175204000,Bulalacao (San Pedro),17,1752,175204
512,175205000,City Of Calapan (Capital),17,1752,175205
513,175206000,Gloria,17,1752,175206
514,175207000,Mansalay,17,1752,175207
515,175208000,Naujan,17,1752,175208
516,175209000,Pinamalayan,17,1752,175209
517,175210000,Pola,17,1752,175210
518,175211000,Puerto Galera,17,1752,175211
519,175212000,Roxas,17,1752,175212
520,175213000,San Teodoro,17,1752,175213
521,175214000,Socorro,17,1752,175214
522,175215000,Victoria,17,1752,175215
523,175301000,Aborlan,17,1753,175301
524,175302000,Agutaya,17,1753,175302
525,175303000,Araceli,17,1753,175303
526,175304000,Balabac,17,1753,175304
527,175305000,Bataraza,17,1753,175305
528,175306000,Brooke'S Point,17,1753,175306
529,175307000,Busuanga,17,1753,175307
530,175308000,Cagayancillo,17,1753,175308
531,175309000,Coron,17,1753,175309
532,175310000,Cuyo,17,1753,175310
533,175311000,Dumaran,17,1753,175311
534,175312000,El Nido (Bacuit),17,1753,175312
535,175313000,Linapacan,17,1753,175313
536,175314000,Magsaysay,17,1753,175314
537,175315000,Narra,17,1753,175315
538,175316000,Puerto Princesa City (Capital),17,1753,175316
539,175317000,Quezon,17,1753,175317
540,175318000,Roxas,17,1753,175318
541,175319000,San Vicente,17,1753,175319
542,175320000,Taytay,17,1753,175320
543,175321000,Kalayaan,17,1753,175321
544,175322000,Culion,17,1753,175322
545,175323000,Rizal (Marcos),17,1753,175323
546,175324000,Sofronio Espaã‘Ola,17,1753,175324
547,175901000,Alcantara,17,1759,175901
548,175902000,Banton,17,1759,175902
549,175903000,Cajidiocan,17,1759,175903
550,175904000,Calatrava,17,1759,175904
551,175905000,Concepcion,17,1759,175905
552,175906000,Corcuera,17,1759,175906
553,175907000,Looc,17,1759,175907
554,175908000,Magdiwang,17,1759,175908
555,175909000,Odiongan,17,1759,175909
556,175910000,Romblon (Capital),17,1759,175910
557,175911000,San Agustin,17,1759,175911
558,175912000,San Andres,17,1759,175912
559,175913000,San Fernando,17,1759,175913
560,175914000,San Jose,17,1759,175914
561,175915000,Santa Fe,17,1759,175915
562,175916000,Ferrol,17,1759,175916
563,175917000,Santa Maria (Imelda),17,1759,175917
564,50501000,Bacacay,5,505,50501
565,50502000,Camalig,5,505,50502
566,50503000,Daraga (Locsin),5,505,50503
567,50504000,Guinobatan,5,505,50504
568,50505000,Jovellar,5,505,50505
569,50506000,Legazpi City (Capital),5,505,50506
570,50507000,Libon,5,505,50507
571,50508000,City Of Ligao,5,505,50508
572,50509000,Malilipot,5,505,50509
573,50510000,Malinao,5,505,50510
574,50511000,Manito,5,505,50511
575,50512000,Oas,5,505,50512
576,50513000,Pio Duran,5,505,50513
577,50514000,Polangui,5,505,50514
578,50515000,Rapu-Rapu,5,505,50515
579,50516000,Santo Domingo (Libog),5,505,50516
580,50517000,City Of Tabaco,5,505,50517
581,50518000,Tiwi,5,505,50518
582,51601000,Basud,5,516,51601
583,51602000,Capalonga,5,516,51602
584,51603000,Daet (Capital),5,516,51603
585,51604000,San Lorenzo Ruiz (Imelda),5,516,51604
586,51605000,Jose Panganiban,5,516,51605
587,51606000,Labo,5,516,51606
588,51607000,Mercedes,5,516,51607
589,51608000,Paracale,5,516,51608
590,51609000,San Vicente,5,516,51609
591,51610000,Santa Elena,5,516,51610
592,51611000,Talisay,5,516,51611
593,51612000,Vinzons,5,516,51612
594,51701000,Baao,5,517,51701
595,51702000,Balatan,5,517,51702
596,51703000,Bato,5,517,51703
597,51704000,Bombon,5,517,51704
598,51705000,Buhi,5,517,51705
599,51706000,Bula,5,517,51706
600,51707000,Cabusao,5,517,51707
601,51708000,Calabanga,5,517,51708
602,51709000,Camaligan,5,517,51709
603,51710000,Canaman,5,517,51710
604,51711000,Caramoan,5,517,51711
605,51712000,Del Gallego,5,517,51712
606,51713000,Gainza,5,517,51713
607,51714000,Garchitorena,5,517,51714
608,51715000,Goa,5,517,51715
609,51716000,Iriga City,5,517,51716
610,51717000,Lagonoy,5,517,51717
611,51718000,Libmanan,5,517,51718
612,51719000,Lupi,5,517,51719
613,51720000,Magarao,5,517,51720
614,51721000,Milaor,5,517,51721
615,51722000,Minalabac,5,517,51722
616,51723000,Nabua,5,517,51723
617,51724000,Naga City,5,517,51724
618,51725000,Ocampo,5,517,51725
619,51726000,Pamplona,5,517,51726
620,51727000,Pasacao,5,517,51727
621,51728000,Pili (Capital),5,517,51728
622,51729000,Presentacion (Parubcan),5,517,51729
623,51730000,Ragay,5,517,51730
624,51731000,Sagã‘Ay,5,517,51731
625,51732000,San Fernando,5,517,51732
626,51733000,San Jose,5,517,51733
627,51734000,Sipocot,5,517,51734
628,51735000,Siruma,5,517,51735
629,51736000,Tigaon,5,517,51736
630,51737000,Tinambac,5,517,51737
631,52001000,Bagamanoc,5,520,52001
632,52002000,Baras,5,520,52002
633,52003000,Bato,5,520,52003
634,52004000,Caramoran,5,520,52004
635,52005000,Gigmoto,5,520,52005
636,52006000,Pandan,5,520,52006
637,52007000,Panganiban (Payo),5,520,52007
638,52008000,San Andres (Calolbon),5,520,52008
639,52009000,San Miguel,5,520,52009
640,52010000,Viga,5,520,52010
641,52011000,Virac (Capital),5,520,52011
642,54101000,Aroroy,5,541,54101
643,54102000,Baleno,5,541,54102
644,54103000,Balud,5,541,54103
645,54104000,Batuan,5,541,54104
646,54105000,Cataingan,5,541,54105
647,54106000,Cawayan,5,541,54106
648,54107000,Claveria,5,541,54107
649,54108000,Dimasalang,5,541,54108
650,54109000,Esperanza,5,541,54109
651,54110000,Mandaon,5,541,54110
652,54111000,City Of Masbate (Capital),5,541,54111
653,54112000,Milagros,5,541,54112
654,54113000,Mobo,5,541,54113
655,54114000,Monreal,5,541,54114
656,54115000,Palanas,5,541,54115
657,54116000,Pio V. Corpuz (Limbuhan),5,541,54116
658,54117000,Placer,5,541,54117
659,54118000,San Fernando,5,541,54118
660,54119000,San Jacinto,5,541,54119
661,54120000,San Pascual,5,541,54120
662,54121000,Uson,5,541,54121
663,56202000,Barcelona,5,562,56202
664,56203000,Bulan,5,562,56203
665,56204000,Bulusan,5,562,56204
666,56205000,Casiguran,5,562,56205
667,56206000,Castilla,5,562,56206
668,56207000,Donsol,5,562,56207
669,56208000,Gubat,5,562,56208
670,56209000,Irosin,5,562,56209
671,56210000,Juban,5,562,56210
672,56211000,Magallanes,5,562,56211
673,56212000,Matnog,5,562,56212
674,56213000,Pilar,5,562,56213
675,56214000,Prieto Diaz,5,562,56214
676,56215000,Santa Magdalena,5,562,56215
677,56216000,City Of Sorsogon (Capital),5,562,56216
678,60401000,Altavas,6,604,60401
679,60402000,Balete,6,604,60402
680,60403000,Banga,6,604,60403
681,60404000,Batan,6,604,60404
682,60405000,Buruanga,6,604,60405
683,60406000,Ibajay,6,604,60406
684,60407000,Kalibo (Capital),6,604,60407
685,60408000,Lezo,6,604,60408
686,60409000,Libacao,6,604,60409
687,60410000,Madalag,6,604,60410
688,60411000,Makato,6,604,60411
689,60412000,Malay,6,604,60412
690,60413000,Malinao,6,604,60413
691,60414000,Nabas,6,604,60414
692,60415000,New Washington,6,604,60415
693,60416000,Numancia,6,604,60416
694,60417000,Tangalan,6,604,60417
695,60601000,Anini-Y,6,606,60601
696,60602000,Barbaza,6,606,60602
697,60603000,Belison,6,606,60603
698,60604000,Bugasong,6,606,60604
699,60605000,Caluya,6,606,60605
700,60606000,Culasi,6,606,60606
701,60607000,Tobias Fornier (Dao),6,606,60607
702,60608000,Hamtic,6,606,60608
703,60609000,Laua-An,6,606,60609
704,60610000,Libertad,6,606,60610
705,60611000,Pandan,6,606,60611
706,60612000,Patnongon,6,606,60612
707,60613000,San Jose (Capital),6,606,60613
708,60614000,San Remigio,6,606,60614
709,60615000,Sebaste,6,606,60615
710,60616000,Sibalom,6,606,60616
711,60617000,Tibiao,6,606,60617
712,60618000,Valderrama,6,606,60618
713,61901000,Cuartero,6,619,61901
714,61902000,Dao,6,619,61902
715,61903000,Dumalag,6,619,61903
716,61904000,Dumarao,6,619,61904
717,61905000,Ivisan,6,619,61905
718,61906000,Jamindan,6,619,61906
719,61907000,Ma-Ayon,6,619,61907
720,61908000,Mambusao,6,619,61908
721,61909000,Panay,6,619,61909
722,61910000,Panitan,6,619,61910
723,61911000,Pilar,6,619,61911
724,61912000,Pontevedra,6,619,61912
725,61913000,President Roxas,6,619,61913
726,61914000,Roxas City (Capital),6,619,61914
727,61915000,Sapi-An,6,619,61915
728,61916000,Sigma,6,619,61916
729,61917000,Tapaz,6,619,61917
730,63001000,Ajuy,6,630,63001
731,63002000,Alimodian,6,630,63002
732,63003000,Anilao,6,630,63003
733,63004000,Badiangan,6,630,63004
734,63005000,Balasan,6,630,63005
735,63006000,Banate,6,630,63006
736,63007000,Barotac Nuevo,6,630,63007
737,63008000,Barotac Viejo,6,630,63008
738,63009000,Batad,6,630,63009
739,63010000,Bingawan,6,630,63010
740,63012000,Cabatuan,6,630,63012
741,63013000,Calinog,6,630,63013
742,63014000,Carles,6,630,63014
743,63015000,Concepcion,6,630,63015
744,63016000,Dingle,6,630,63016
745,63017000,Dueã‘As,6,630,63017
746,63018000,Dumangas,6,630,63018
747,63019000,Estancia,6,630,63019
748,63020000,Guimbal,6,630,63020
749,63021000,Igbaras,6,630,63021
750,63022000,Iloilo City (Capital),6,630,63022
751,63023000,Janiuay,6,630,63023
752,63025000,Lambunao,6,630,63025
753,63026000,Leganes,6,630,63026
754,63027000,Lemery,6,630,63027
755,63028000,Leon,6,630,63028
756,63029000,Maasin,6,630,63029
757,63030000,Miagao,6,630,63030
758,63031000,Mina,6,630,63031
759,63032000,New Lucena,6,630,63032
760,63034000,Oton,6,630,63034
761,63035000,City Of Passi,6,630,63035
762,63036000,Pavia,6,630,63036
763,63037000,Pototan,6,630,63037
764,63038000,San Dionisio,6,630,63038
765,63039000,San Enrique,6,630,63039
766,63040000,San Joaquin,6,630,63040
767,63041000,San Miguel,6,630,63041
768,63042000,San Rafael,6,630,63042
769,63043000,Santa Barbara,6,630,63043
770,63044000,Sara,6,630,63044
771,63045000,Tigbauan,6,630,63045
772,63046000,Tubungan,6,630,63046
773,63047000,Zarraga,6,630,63047
774,64501000,Bacolod City (Capital),6,645,64501
775,64502000,Bago City,6,645,64502
776,64503000,Binalbagan,6,645,64503
777,64504000,Cadiz City,6,645,64504
778,64505000,Calatrava,6,645,64505
779,64506000,Candoni,6,645,64506
780,64507000,Cauayan,6,645,64507
781,64508000,Enrique B. Magalona (Saravia),6,645,64508
782,64509000,City Of Escalante,6,645,64509
783,64510000,City Of Himamaylan,6,645,64510
784,64511000,Hinigaran,6,645,64511
785,64512000,Hinoba-An (Asia),6,645,64512
786,64513000,Ilog,6,645,64513
787,64514000,Isabela,6,645,64514
788,64515000,City Of Kabankalan,6,645,64515
789,64516000,La Carlota City,6,645,64516
790,64517000,La Castellana,6,645,64517
791,64518000,Manapla,6,645,64518
792,64519000,Moises Padilla (Magallon),6,645,64519
793,64520000,Murcia,6,645,64520
794,64521000,Pontevedra,6,645,64521
795,64522000,Pulupandan,6,645,64522
796,64523000,Sagay City,6,645,64523
797,64524000,San Carlos City,6,645,64524
798,64525000,San Enrique,6,645,64525
799,64526000,Silay City,6,645,64526
800,64527000,City Of Sipalay,6,645,64527
801,64528000,City Of Talisay,6,645,64528
802,64529000,Toboso,6,645,64529
803,64530000,Valladolid,6,645,64530
804,64531000,City Of Victorias,6,645,64531
805,64532000,Salvador Benedicto,6,645,64532
806,67901000,Buenavista,6,679,67901
807,67902000,Jordan (Capital),6,679,67902
808,67903000,Nueva Valencia,6,679,67903
809,67904000,San Lorenzo,6,679,67904
810,67905000,Sibunag,6,679,67905
811,71201000,Alburquerque,7,712,71201
812,71202000,Alicia,7,712,71202
813,71203000,Anda,7,712,71203
814,71204000,Antequera,7,712,71204
815,71205000,Baclayon,7,712,71205
816,71206000,Balilihan,7,712,71206
817,71207000,Batuan,7,712,71207
818,71208000,Bilar,7,712,71208
819,71209000,Buenavista,7,712,71209
820,71210000,Calape,7,712,71210
821,71211000,Candijay,7,712,71211
822,71212000,Carmen,7,712,71212
823,71213000,Catigbian,7,712,71213
824,71214000,Clarin,7,712,71214
825,71215000,Corella,7,712,71215
826,71216000,Cortes,7,712,71216
827,71217000,Dagohoy,7,712,71217
828,71218000,Danao,7,712,71218
829,71219000,Dauis,7,712,71219
830,71220000,Dimiao,7,712,71220
831,71221000,Duero,7,712,71221
832,71222000,Garcia Hernandez,7,712,71222
833,71223000,Guindulman,7,712,71223
834,71224000,Inabanga,7,712,71224
835,71225000,Jagna,7,712,71225
836,71226000,Jetafe,7,712,71226
837,71227000,Lila,7,712,71227
838,71228000,Loay,7,712,71228
839,71229000,Loboc,7,712,71229
840,71230000,Loon,7,712,71230
841,71231000,Mabini,7,712,71231
842,71232000,Maribojoc,7,712,71232
843,71233000,Panglao,7,712,71233
844,71234000,Pilar,7,712,71234
845,71235000,Pres. Carlos P. Garcia (Pitogo),7,712,71235
846,71236000,Sagbayan (Borja),7,712,71236
847,71237000,San Isidro,7,712,71237
848,71238000,San Miguel,7,712,71238
849,71239000,Sevilla,7,712,71239
850,71240000,Sierra Bullones,7,712,71240
851,71241000,Sikatuna,7,712,71241
852,71242000,Tagbilaran City (Capital),7,712,71242
853,71243000,Talibon,7,712,71243
854,71244000,Trinidad,7,712,71244
855,71245000,Tubigon,7,712,71245
856,71246000,Ubay,7,712,71246
857,71247000,Valencia,7,712,71247
858,71248000,Bien Unido,7,712,71248
859,72201000,Alcantara,7,722,72201
860,72202000,Alcoy,7,722,72202
861,72203000,Alegria,7,722,72203
862,72204000,Aloguinsan,7,722,72204
863,72205000,Argao,7,722,72205
864,72206000,Asturias,7,722,72206
865,72207000,Badian,7,722,72207
866,72208000,Balamban,7,722,72208
867,72209000,Bantayan,7,722,72209
868,72210000,Barili,7,722,72210
869,72211000,City Of Bogo,7,722,72211
870,72212000,Boljoon,7,722,72212
871,72213000,Borbon,7,722,72213
872,72214000,City Of Carcar,7,722,72214
873,72215000,Carmen,7,722,72215
874,72216000,Catmon,7,722,72216
875,72217000,Cebu City (Capital),7,722,72217
876,72218000,Compostela,7,722,72218
877,72219000,Consolacion,7,722,72219
878,72220000,Cordova,7,722,72220
879,72221000,Daanbantayan,7,722,72221
880,72222000,Dalaguete,7,722,72222
881,72223000,Danao City,7,722,72223
882,72224000,Dumanjug,7,722,72224
883,72225000,Ginatilan,7,722,72225
884,72226000,Lapu-Lapu City (Opon),7,722,72226
885,72227000,Liloan,7,722,72227
886,72228000,Madridejos,7,722,72228
887,72229000,Malabuyoc,7,722,72229
888,72230000,Mandaue City,7,722,72230
889,72231000,Medellin,7,722,72231
890,72232000,Minglanilla,7,722,72232
891,72233000,Moalboal,7,722,72233
892,72234000,City Of Naga,7,722,72234
893,72235000,Oslob,7,722,72235
894,72236000,Pilar,7,722,72236
895,72237000,Pinamungahan,7,722,72237
896,72238000,Poro,7,722,72238
897,72239000,Ronda,7,722,72239
898,72240000,Samboan,7,722,72240
899,72241000,San Fernando,7,722,72241
900,72242000,San Francisco,7,722,72242
901,72243000,San Remigio,7,722,72243
902,72244000,Santa Fe,7,722,72244
903,72245000,Santander,7,722,72245
904,72246000,Sibonga,7,722,72246
905,72247000,Sogod,7,722,72247
906,72248000,Tabogon,7,722,72248
907,72249000,Tabuelan,7,722,72249
908,72250000,City Of Talisay,7,722,72250
909,72251000,Toledo City,7,722,72251
910,72252000,Tuburan,7,722,72252
911,72253000,Tudela,7,722,72253
912,74601000,Amlan (Ayuquitan),7,746,74601
913,74602000,Ayungon,7,746,74602
914,74603000,Bacong,7,746,74603
915,74604000,Bais City,7,746,74604
916,74605000,Basay,7,746,74605
917,74606000,City Of Bayawan (Tulong),7,746,74606
918,74607000,Bindoy (Payabon),7,746,74607
919,74608000,Canlaon City,7,746,74608
920,74609000,Dauin,7,746,74609
921,74610000,Dumaguete City (Capital),7,746,74610
922,74611000,City Of Guihulngan,7,746,74611
923,74612000,Jimalalud,7,746,74612
924,74613000,La Libertad,7,746,74613
925,74614000,Mabinay,7,746,74614
926,74615000,Manjuyod,7,746,74615
927,74616000,Pamplona,7,746,74616
928,74617000,San Jose,7,746,74617
929,74618000,Santa Catalina,7,746,74618
930,74619000,Siaton,7,746,74619
931,74620000,Sibulan,7,746,74620
932,74621000,City Of Tanjay,7,746,74621
933,74622000,Tayasan,7,746,74622
934,74623000,Valencia (Luzurriaga),7,746,74623
935,74624000,Vallehermoso,7,746,74624
936,74625000,Zamboanguita,7,746,74625
937,76101000,Enrique Villanueva,7,761,76101
938,76102000,Larena,7,761,76102
939,76103000,Lazi,7,761,76103
940,76104000,Maria,7,761,76104
941,76105000,San Juan,7,761,76105
942,76106000,Siquijor (Capital),7,761,76106
943,82601000,Arteche,8,826,82601
944,82602000,Balangiga,8,826,82602
945,82603000,Balangkayan,8,826,82603
946,82604000,City Of Borongan (Capital),8,826,82604
947,82605000,Can-Avid,8,826,82605
948,82606000,Dolores,8,826,82606
949,82607000,General Macarthur,8,826,82607
950,82608000,Giporlos,8,826,82608
951,82609000,Guiuan,8,826,82609
952,82610000,Hernani,8,826,82610
953,82611000,Jipapad,8,826,82611
954,82612000,Lawaan,8,826,82612
955,82613000,Llorente,8,826,82613
956,82614000,Maslog,8,826,82614
957,82615000,Maydolong,8,826,82615
958,82616000,Mercedes,8,826,82616
959,82617000,Oras,8,826,82617
960,82618000,Quinapondan,8,826,82618
961,82619000,Salcedo,8,826,82619
962,82620000,San Julian,8,826,82620
963,82621000,San Policarpo,8,826,82621
964,82622000,Sulat,8,826,82622
965,82623000,Taft,8,826,82623
966,83701000,Abuyog,8,837,83701
967,83702000,Alangalang,8,837,83702
968,83703000,Albuera,8,837,83703
969,83705000,Babatngon,8,837,83705
970,83706000,Barugo,8,837,83706
971,83707000,Bato,8,837,83707
972,83708000,City Of Baybay,8,837,83708
973,83710000,Burauen,8,837,83710
974,83713000,Calubian,8,837,83713
975,83714000,Capoocan,8,837,83714
976,83715000,Carigara,8,837,83715
977,83717000,Dagami,8,837,83717
978,83718000,Dulag,8,837,83718
979,83719000,Hilongos,8,837,83719
980,83720000,Hindang,8,837,83720
981,83721000,Inopacan,8,837,83721
982,83722000,Isabel,8,837,83722
983,83723000,Jaro,8,837,83723
984,83724000,Javier (Bugho),8,837,83724
985,83725000,Julita,8,837,83725
986,83726000,Kananga,8,837,83726
987,83728000,La Paz,8,837,83728
988,83729000,Leyte,8,837,83729
989,83730000,Macarthur,8,837,83730
990,83731000,Mahaplag,8,837,83731
991,83733000,Matag-Ob,8,837,83733
992,83734000,Matalom,8,837,83734
993,83735000,Mayorga,8,837,83735
994,83736000,Merida,8,837,83736
995,83738000,Ormoc City,8,837,83738
996,83739000,Palo,8,837,83739
997,83740000,Palompon,8,837,83740
998,83741000,Pastrana,8,837,83741
999,83742000,San Isidro,8,837,83742
1000,83743000,San Miguel,8,837,83743
1001,83744000,Santa Fe,8,837,83744
1002,83745000,Tabango,8,837,83745
1003,83746000,Tabontabon,8,837,83746
1004,83747000,Tacloban City (Capital),8,837,83747
1005,83748000,Tanauan,8,837,83748
1006,83749000,Tolosa,8,837,83749
1007,83750000,Tunga,8,837,83750
1008,83751000,Villaba,8,837,83751
1009,84801000,Allen,8,848,84801
1010,84802000,Biri,8,848,84802
1011,84803000,Bobon,8,848,84803
1012,84804000,Capul,8,848,84804
1013,84805000,Catarman (Capital),8,848,84805
1014,84806000,Catubig,8,848,84806
1015,84807000,Gamay,8,848,84807
1016,84808000,Laoang,8,848,84808
1017,84809000,Lapinig,8,848,84809
1018,84810000,Las Navas,8,848,84810
1019,84811000,Lavezares,8,848,84811
1020,84812000,Mapanas,8,848,84812
1021,84813000,Mondragon,8,848,84813
1022,84814000,Palapag,8,848,84814
1023,84815000,Pambujan,8,848,84815
1024,84816000,Rosario,8,848,84816
1025,84817000,San Antonio,8,848,84817
1026,84818000,San Isidro,8,848,84818
1027,84819000,San Jose,8,848,84819
1028,84820000,San Roque,8,848,84820
1029,84821000,San Vicente,8,848,84821
1030,84822000,Silvino Lobos,8,848,84822
1031,84823000,Victoria,8,848,84823
1032,84824000,Lope De Vega,8,848,84824
1033,86001000,Almagro,8,860,86001
1034,86002000,Basey,8,860,86002
1035,86003000,Calbayog City,8,860,86003
1036,86004000,Calbiga,8,860,86004
1037,86005000,City Of Catbalogan (Capital),8,860,86005
1038,86006000,Daram,8,860,86006
1039,86007000,Gandara,8,860,86007
1040,86008000,Hinabangan,8,860,86008
1041,86009000,Jiabong,8,860,86009
1042,86010000,Marabut,8,860,86010
1043,86011000,Matuguinao,8,860,86011
1044,86012000,Motiong,8,860,86012
1045,86013000,Pinabacdao,8,860,86013
1046,86014000,San Jose De Buan,8,860,86014
1047,86015000,San Sebastian,8,860,86015
1048,86016000,Santa Margarita,8,860,86016
1049,86017000,Santa Rita,8,860,86017
1050,86018000,Santo Niã‘O,8,860,86018
1051,86019000,Talalora,8,860,86019
1052,86020000,Tarangnan,8,860,86020
1053,86021000,Villareal,8,860,86021
1054,86022000,Paranas (Wright),8,860,86022
1055,86023000,Zumarraga,8,860,86023
1056,86024000,Tagapul-An,8,860,86024
1057,86025000,San Jorge,8,860,86025
1058,86026000,Pagsanghan,8,860,86026
1059,86401000,Anahawan,8,864,86401
1060,86402000,Bontoc,8,864,86402
1061,86403000,Hinunangan,8,864,86403
1062,86404000,Hinundayan,8,864,86404
1063,86405000,Libagon,8,864,86405
1064,86406000,Liloan,8,864,86406
1065,86407000,City Of Maasin (Capital),8,864,86407
1066,86408000,Macrohon,8,864,86408
1067,86409000,Malitbog,8,864,86409
1068,86410000,Padre Burgos,8,864,86410
1069,86411000,Pintuyan,8,864,86411
1070,86412000,Saint Bernard,8,864,86412
1071,86413000,San Francisco,8,864,86413
1072,86414000,San Juan (Cabalian),8,864,86414
1073,86415000,San Ricardo,8,864,86415
1074,86416000,Silago,8,864,86416
1075,86417000,Sogod,8,864,86417
1076,86418000,Tomas Oppus,8,864,86418
1077,86419000,Limasawa,8,864,86419
1078,87801000,Almeria,8,878,87801
1079,87802000,Biliran,8,878,87802
1080,87803000,Cabucgayan,8,878,87803
1081,87804000,Caibiran,8,878,87804
1082,87805000,Culaba,8,878,87805
1083,87806000,Kawayan,8,878,87806
1084,87807000,Maripipi,8,878,87807
1085,87808000,Naval (Capital),8,878,87808
1086,97201000,Dapitan City,9,972,97201
1087,97202000,Dipolog City (Capital),9,972,97202
1088,97203000,Katipunan,9,972,97203
1089,97204000,La Libertad,9,972,97204
1090,97205000,Labason,9,972,97205
1091,97206000,Liloy,9,972,97206
1092,97207000,Manukan,9,972,97207
1093,97208000,Mutia,9,972,97208
1094,97209000,Piã‘An (New Piã‘An),9,972,97209
1095,97210000,Polanco,9,972,97210
1096,97211000,Pres. Manuel A. Roxas,9,972,97211
1097,97212000,Rizal,9,972,97212
1098,97213000,Salug,9,972,97213
1099,97214000,Sergio Osmeã‘A Sr.,9,972,97214
1100,97215000,Siayan,9,972,97215
1101,97216000,Sibuco,9,972,97216
1102,97217000,Sibutad,9,972,97217
1103,97218000,Sindangan,9,972,97218
1104,97219000,Siocon,9,972,97219
1105,97220000,Sirawai,9,972,97220
1106,97221000,Tampilisan,9,972,97221
1107,97222000,Jose Dalman (Ponot),9,972,97222
1108,97223000,Gutalac,9,972,97223
1109,97224000,Baliguian,9,972,97224
1110,97225000,Godod,9,972,97225
1111,97226000,Bacungan (Leon T. Postigo),9,972,97226
1112,97227000,Kalawit,9,972,97227
1113,97302000,Aurora,9,973,97302
1114,97303000,Bayog,9,973,97303
1115,97305000,Dimataling,9,973,97305
1116,97306000,Dinas,9,973,97306
1117,97307000,Dumalinao,9,973,97307
1118,97308000,Dumingag,9,973,97308
1119,97311000,Kumalarang,9,973,97311
1120,97312000,Labangan,9,973,97312
1121,97313000,Lapuyan,9,973,97313
1122,97315000,Mahayag,9,973,97315
1123,97317000,Margosatubig,9,973,97317
1124,97318000,Midsalip,9,973,97318
1125,97319000,Molave,9,973,97319
1126,97322000,Pagadian City (Capital),9,973,97322
1127,97323000,Ramon Magsaysay (Liargo),9,973,97323
1128,97324000,San Miguel,9,973,97324
1129,97325000,San Pablo,9,973,97325
1130,97327000,Tabina,9,973,97327
1131,97328000,Tambulig,9,973,97328
1132,97330000,Tukuran,9,973,97330
1133,97332000,Zamboanga City,9,973,97332
1134,97333000,Lakewood,9,973,97333
1135,97337000,Josefina,9,973,97337
1136,97338000,Pitogo,9,973,97338
1137,97340000,Sominot (Don Mariano Marcos),9,973,97340
1138,97341000,Vincenzo A. Sagun,9,973,97341
1139,97343000,Guipos,9,973,97343
1140,97344000,Tigbao,9,973,97344
1141,98301000,Alicia,9,983,98301
1142,98302000,Buug,9,983,98302
1143,98303000,Diplahan,9,983,98303
1144,98304000,Imelda,9,983,98304
1145,98305000,Ipil (Capital),9,983,98305
1146,98306000,Kabasalan,9,983,98306
1147,98307000,Mabuhay,9,983,98307
1148,98308000,Malangas,9,983,98308
1149,98309000,Naga,9,983,98309
1150,98310000,Olutanga,9,983,98310
1151,98311000,Payao,9,983,98311
1152,98312000,Roseller Lim,9,983,98312
1153,98313000,Siay,9,983,98313
1154,98314000,Talusan,9,983,98314
1155,98315000,Titay,9,983,98315
1156,98316000,Tungawan,9,983,98316
1157,99701000,City Of Isabela,9,997,99701
1158,101301000,Baungon,10,1013,101301
1159,101302000,Damulog,10,1013,101302
1160,101303000,Dangcagan,10,1013,101303
1161,101304000,Don Carlos,10,1013,101304
1162,101305000,Impasug-Ong,10,1013,101305
1163,101306000,Kadingilan,10,1013,101306
1164,101307000,Kalilangan,10,1013,101307
1165,101308000,Kibawe,10,1013,101308
1166,101309000,Kitaotao,10,1013,101309
1167,101310000,Lantapan,10,1013,101310
1168,101311000,Libona,10,1013,101311
1169,101312000,City Of Malaybalay (Capital),10,1013,101312
1170,101313000,Malitbog,10,1013,101313
1171,101314000,Manolo Fortich,10,1013,101314
1172,101315000,Maramag,10,1013,101315
1173,101316000,Pangantucan,10,1013,101316
1174,101317000,Quezon,10,1013,101317
1175,101318000,San Fernando,10,1013,101318
1176,101319000,Sumilao,10,1013,101319
1177,101320000,Talakag,10,1013,101320
1178,101321000,City Of Valencia,10,1013,101321
1179,101322000,Cabanglasan,10,1013,101322
1180,101801000,Catarman,10,1018,101801
1181,101802000,Guinsiliban,10,1018,101802
1182,101803000,Mahinog,10,1018,101803
1183,101804000,Mambajao (Capital),10,1018,101804
1184,101805000,Sagay,10,1018,101805
1185,103501000,Bacolod,10,1035,103501
1186,103502000,Baloi,10,1035,103502
1187,103503000,Baroy,10,1035,103503
1188,103504000,Iligan City,10,1035,103504
1189,103505000,Kapatagan,10,1035,103505
1190,103506000,Sultan Naga Dimaporo (Karomatan),10,1035,103506
1191,103507000,Kauswagan,10,1035,103507
1192,103508000,Kolambugan,10,1035,103508
1193,103509000,Lala,10,1035,103509
1194,103510000,Linamon,10,1035,103510
1195,103511000,Magsaysay,10,1035,103511
1196,103512000,Maigo,10,1035,103512
1197,103513000,Matungao,10,1035,103513
1198,103514000,Munai,10,1035,103514
1199,103515000,Nunungan,10,1035,103515
1200,103516000,Pantao Ragat,10,1035,103516
1201,103517000,Poona Piagapo,10,1035,103517
1202,103518000,Salvador,10,1035,103518
1203,103519000,Sapad,10,1035,103519
1204,103520000,Tagoloan,10,1035,103520
1205,103521000,Tangcal,10,1035,103521
1206,103522000,Tubod (Capital),10,1035,103522
1207,103523000,Pantar,10,1035,103523
1208,104201000,Aloran,10,1042,104201
1209,104202000,Baliangao,10,1042,104202
1210,104203000,Bonifacio,10,1042,104203
1211,104204000,Calamba,10,1042,104204
1212,104205000,Clarin,10,1042,104205
1213,104206000,Concepcion,10,1042,104206
1214,104207000,Jimenez,10,1042,104207
1215,104208000,Lopez Jaena,10,1042,104208
1216,104209000,Oroquieta City (Capital),10,1042,104209
1217,104210000,Ozamis City,10,1042,104210
1218,104211000,Panaon,10,1042,104211
1219,104212000,Plaridel,10,1042,104212
1220,104213000,Sapang Dalaga,10,1042,104213
1221,104214000,Sinacaban,10,1042,104214
1222,104215000,Tangub City,10,1042,104215
1223,104216000,Tudela,10,1042,104216
1224,104217000,Don Victoriano Chiongbian  (Don Mariano Marcos),10,1042,104217
1225,104301000,Alubijid,10,1043,104301
1226,104302000,Balingasag,10,1043,104302
1227,104303000,Balingoan,10,1043,104303
1228,104304000,Binuangan,10,1043,104304
1229,104305000,Cagayan De Oro City (Capital),10,1043,104305
1230,104306000,Claveria,10,1043,104306
1231,104307000,City Of El Salvador,10,1043,104307
1232,104308000,Gingoog City,10,1043,104308
1233,104309000,Gitagum,10,1043,104309
1234,104310000,Initao,10,1043,104310
1235,104311000,Jasaan,10,1043,104311
1236,104312000,Kinoguitan,10,1043,104312
1237,104313000,Lagonglong,10,1043,104313
1238,104314000,Laguindingan,10,1043,104314
1239,104315000,Libertad,10,1043,104315
1240,104316000,Lugait,10,1043,104316
1241,104317000,Magsaysay (Linugos),10,1043,104317
1242,104318000,Manticao,10,1043,104318
1243,104319000,Medina,10,1043,104319
1244,104320000,Naawan,10,1043,104320
1245,104321000,Opol,10,1043,104321
1246,104322000,Salay,10,1043,104322
1247,104323000,Sugbongcogon,10,1043,104323
1248,104324000,Tagoloan,10,1043,104324
1249,104325000,Talisayan,10,1043,104325
1250,104326000,Villanueva,10,1043,104326
1251,112301000,Asuncion (Saug),11,1123,112301
1252,112303000,Carmen,11,1123,112303
1253,112305000,Kapalong,11,1123,112305
1254,112314000,New Corella,11,1123,112314
1255,112315000,City Of Panabo,11,1123,112315
1256,112317000,Island Garden City Of Samal,11,1123,112317
1257,112318000,Santo Tomas,11,1123,112318
1258,112319000,City Of Tagum (Capital),11,1123,112319
1259,112322000,Talaingod,11,1123,112322
1260,112323000,Braulio E. Dujali,11,1123,112323
1261,112324000,San Isidro,11,1123,112324
1262,112401000,Bansalan,11,1124,112401
1263,112402000,Davao City,11,1124,112402
1264,112403000,City Of Digos (Capital),11,1124,112403
1265,112404000,Hagonoy,11,1124,112404
1266,112406000,Kiblawan,11,1124,112406
1267,112407000,Magsaysay,11,1124,112407
1268,112408000,Malalag,11,1124,112408
1269,112410000,Matanao,11,1124,112410
1270,112411000,Padada,11,1124,112411
1271,112412000,Santa Cruz,11,1124,112412
1272,112414000,Sulop,11,1124,112414
1273,112501000,Baganga,11,1125,112501
1274,112502000,Banaybanay,11,1125,112502
1275,112503000,Boston,11,1125,112503
1276,112504000,Caraga,11,1125,112504
1277,112505000,Cateel,11,1125,112505
1278,112506000,Governor Generoso,11,1125,112506
1279,112507000,Lupon,11,1125,112507
1280,112508000,Manay,11,1125,112508
1281,112509000,City Of Mati (Capital),11,1125,112509
1282,112510000,San Isidro,11,1125,112510
1283,112511000,Tarragona,11,1125,112511
1284,118201000,Compostela,11,1182,118201
1285,118202000,Laak (San Vicente),11,1182,118202
1286,118203000,Mabini (Doã‘A Alicia),11,1182,118203
1287,118204000,Maco,11,1182,118204
1288,118205000,Maragusan (San Mariano),11,1182,118205
1289,118206000,Mawab,11,1182,118206
1290,118207000,Monkayo,11,1182,118207
1291,118208000,Montevista,11,1182,118208
1292,118209000,Nabunturan (Capital),11,1182,118209
1293,118210000,New Bataan,11,1182,118210
1294,118211000,Pantukan,11,1182,118211
1295,118601000,Don Marcelino,11,1186,118601
1296,118602000,Jose Abad Santos (Trinidad),11,1186,118602
1297,118603000,Malita,11,1186,118603
1298,118604000,Santa Maria,11,1186,118604
1299,118605000,Sarangani,11,1186,118605
1300,124701000,Alamada,12,1247,124701
1301,124702000,Carmen,12,1247,124702
1302,124703000,Kabacan,12,1247,124703
1303,124704000,City Of Kidapawan (Capital),12,1247,124704
1304,124705000,Libungan,12,1247,124705
1305,124706000,Magpet,12,1247,124706
1306,124707000,Makilala,12,1247,124707
1307,124708000,Matalam,12,1247,124708
1308,124709000,Midsayap,12,1247,124709
1309,124710000,M'Lang,12,1247,124710
1310,124711000,Pigkawayan,12,1247,124711
1311,124712000,Pikit,12,1247,124712
1312,124713000,President Roxas,12,1247,124713
1313,124714000,Tulunan,12,1247,124714
1314,124715000,Antipas,12,1247,124715
1315,124716000,Banisilan,12,1247,124716
1316,124717000,Aleosan,12,1247,124717
1317,124718000,Arakan,12,1247,124718
1318,126302000,Banga,12,1263,126302
1319,126303000,General Santos City (Dadiangas),12,1263,126303
1320,126306000,City Of Koronadal (Capital),12,1263,126306
1321,126311000,Norala,12,1263,126311
1322,126312000,Polomolok,12,1263,126312
1323,126313000,Surallah,12,1263,126313
1324,126314000,Tampakan,12,1263,126314
1325,126315000,Tantangan,12,1263,126315
1326,126316000,T'Boli,12,1263,126316
1327,126317000,Tupi,12,1263,126317
1328,126318000,Santo Niã‘O,12,1263,126318
1329,126319000,Lake Sebu,12,1263,126319
1330,126501000,Bagumbayan,12,1265,126501
1331,126502000,Columbio,12,1265,126502
1332,126503000,Esperanza,12,1265,126503
1333,126504000,Isulan (Capital),12,1265,126504
1334,126505000,Kalamansig,12,1265,126505
1335,126506000,Lebak,12,1265,126506
1336,126507000,Lutayan,12,1265,126507
1337,126508000,Lambayong (Mariano Marcos),12,1265,126508
1338,126509000,Palimbang,12,1265,126509
1339,126510000,President Quirino,12,1265,126510
1340,126511000,City Of Tacurong,12,1265,126511
1341,126512000,Sen. Ninoy Aquino,12,1265,126512
1342,128001000,Alabel (Capital),12,1280,128001
1343,128002000,Glan,12,1280,128002
1344,128003000,Kiamba,12,1280,128003
1345,128004000,Maasim,12,1280,128004
1346,128005000,Maitum,12,1280,128005
1347,128006000,Malapatan,12,1280,128006
1348,128007000,Malungon,12,1280,128007
1349,129804000,Cotabato City,12,1298,129804
1350,133901000,Tondo I / Ii,13,1339,133901
1351,133902000,Binondo,13,1339,133902
1352,133903000,Quiapo,13,1339,133903
1353,133904000,San Nicolas,13,1339,133904
1354,133905000,Santa Cruz,13,1339,133905
1355,133906000,Sampaloc,13,1339,133906
1356,133907000,San Miguel,13,1339,133907
1357,133908000,Ermita,13,1339,133908
1358,133909000,Intramuros,13,1339,133909
1359,133910000,Malate,13,1339,133910
1360,133911000,Paco,13,1339,133911
1361,133912000,Pandacan,13,1339,133912
1362,133913000,Port Area,13,1339,133913
1363,133914000,Santa Ana,13,1339,133914
1364,137401000,City Of Mandaluyong,13,1374,137401
1365,137402000,City Of Marikina,13,1374,137402
1366,137403000,City Of Pasig,13,1374,137403
1367,137404000,Quezon City,13,1374,137404
1368,137405000,City Of San Juan,13,1374,137405
1369,137501000,Caloocan City,13,1375,137501
1370,137502000,City Of Malabon,13,1375,137502
1371,137503000,City Of Navotas,13,1375,137503
1372,137504000,City Of Valenzuela,13,1375,137504
1373,137601000,City Of Las Piã‘As,13,1376,137601
1374,137602000,City Of Makati,13,1376,137602
1375,137603000,City Of Muntinlupa,13,1376,137603
1376,137604000,City Of Paraã‘Aque,13,1376,137604
1377,137605000,Pasay City,13,1376,137605
1378,137606000,Pateros,13,1376,137606
1379,137607000,Taguig City,13,1376,137607
1380,140101000,Bangued (Capital),14,1401,140101
1381,140102000,Boliney,14,1401,140102
1382,140103000,Bucay,14,1401,140103
1383,140104000,Bucloc,14,1401,140104
1384,140105000,Daguioman,14,1401,140105
1385,140106000,Danglas,14,1401,140106
1386,140107000,Dolores,14,1401,140107
1387,140108000,La Paz,14,1401,140108
1388,140109000,Lacub,14,1401,140109
1389,140110000,Lagangilang,14,1401,140110
1390,140111000,Lagayan,14,1401,140111
1391,140112000,Langiden,14,1401,140112
1392,140113000,Licuan-Baay (Licuan),14,1401,140113
1393,140114000,Luba,14,1401,140114
1394,140115000,Malibcong,14,1401,140115
1395,140116000,Manabo,14,1401,140116
1396,140117000,Peã‘Arrubia,14,1401,140117
1397,140118000,Pidigan,14,1401,140118
1398,140119000,Pilar,14,1401,140119
1399,140120000,Sallapadan,14,1401,140120
1400,140121000,San Isidro,14,1401,140121
1401,140122000,San Juan,14,1401,140122
1402,140123000,San Quintin,14,1401,140123
1403,140124000,Tayum,14,1401,140124
1404,140125000,Tineg,14,1401,140125
1405,140126000,Tubo,14,1401,140126
1406,140127000,Villaviciosa,14,1401,140127
1407,141101000,Atok,14,1411,141101
1408,141102000,Baguio City,14,1411,141102
1409,141103000,Bakun,14,1411,141103
1410,141104000,Bokod,14,1411,141104
1411,141105000,Buguias,14,1411,141105
1412,141106000,Itogon,14,1411,141106
1413,141107000,Kabayan,14,1411,141107
1414,141108000,Kapangan,14,1411,141108
1415,141109000,Kibungan,14,1411,141109
1416,141110000,La Trinidad (Capital),14,1411,141110
1417,141111000,Mankayan,14,1411,141111
1418,141112000,Sablan,14,1411,141112
1419,141113000,Tuba,14,1411,141113
1420,141114000,Tublay,14,1411,141114
1421,142701000,Banaue,14,1427,142701
1422,142702000,Hungduan,14,1427,142702
1423,142703000,Kiangan,14,1427,142703
1424,142704000,Lagawe (Capital),14,1427,142704
1425,142705000,Lamut,14,1427,142705
1426,142706000,Mayoyao,14,1427,142706
1427,142707000,Alfonso Lista (Potia),14,1427,142707
1428,142708000,Aguinaldo,14,1427,142708
1429,142709000,Hingyon,14,1427,142709
1430,142710000,Tinoc,14,1427,142710
1431,142711000,Asipulo,14,1427,142711
1432,143201000,Balbalan,14,1432,143201
1433,143206000,Lubuagan,14,1432,143206
1434,143208000,Pasil,14,1432,143208
1435,143209000,Pinukpuk,14,1432,143209
1436,143211000,Rizal (Liwan),14,1432,143211
1437,143213000,City Of Tabuk (Capital),14,1432,143213
1438,143214000,Tanudan,14,1432,143214
1439,143215000,Tinglayan,14,1432,143215
1440,144401000,Barlig,14,1444,144401
1441,144402000,Bauko,14,1444,144402
1442,144403000,Besao,14,1444,144403
1443,144404000,Bontoc (Capital),14,1444,144404
1444,144405000,Natonin,14,1444,144405
1445,144406000,Paracelis,14,1444,144406
1446,144407000,Sabangan,14,1444,144407
1447,144408000,Sadanga,14,1444,144408
1448,144409000,Sagada,14,1444,144409
1449,144410000,Tadian,14,1444,144410
1450,148101000,Calanasan (Bayag),14,1481,148101
1451,148102000,Conner,14,1481,148102
1452,148103000,Flora,14,1481,148103
1453,148104000,Kabugao (Capital),14,1481,148104
1454,148105000,Luna,14,1481,148105
1455,148106000,Pudtol,14,1481,148106
1456,148107000,Santa Marcela,14,1481,148107
1457,150702000,City Of Lamitan,15,1507,150702
1458,150703000,Lantawan,15,1507,150703
1459,150704000,Maluso,15,1507,150704
1460,150705000,Sumisip,15,1507,150705
1461,150706000,Tipo-Tipo,15,1507,150706
1462,150707000,Tuburan,15,1507,150707
1463,150708000,Akbar,15,1507,150708
1464,150709000,Al-Barka,15,1507,150709
1465,150710000,Hadji Mohammad Ajul,15,1507,150710
1466,150711000,Ungkaya Pukan,15,1507,150711
1467,150712000,Hadji Muhtamad,15,1507,150712
1468,150713000,Tabuan-Lasa,15,1507,150713
1469,153601000,Bacolod-Kalawi (Bacolod Grande),15,1536,153601
1470,153602000,Balabagan,15,1536,153602
1471,153603000,Balindong (Watu),15,1536,153603
1472,153604000,Bayang,15,1536,153604
1473,153605000,Binidayan,15,1536,153605
1474,153606000,Bubong,15,1536,153606
1475,153607000,Butig,15,1536,153607
1476,153609000,Ganassi,15,1536,153609
1477,153610000,Kapai,15,1536,153610
1478,153611000,Lumba-Bayabao (Maguing),15,1536,153611
1479,153612000,Lumbatan,15,1536,153612
1480,153613000,Madalum,15,1536,153613
1481,153614000,Madamba,15,1536,153614
1482,153615000,Malabang,15,1536,153615
1483,153616000,Marantao,15,1536,153616
1484,153617000,Marawi City (Capital),15,1536,153617
1485,153618000,Masiu,15,1536,153618
1486,153619000,Mulondo,15,1536,153619
1487,153620000,Pagayawan (Tatarikan),15,1536,153620
1488,153621000,Piagapo,15,1536,153621
1489,153622000,Poona Bayabao (Gata),15,1536,153622
1490,153623000,Pualas,15,1536,153623
1491,153624000,Ditsaan-Ramain,15,1536,153624
1492,153625000,Saguiaran,15,1536,153625
1493,153626000,Tamparan,15,1536,153626
1494,153627000,Taraka,15,1536,153627
1495,153628000,Tubaran,15,1536,153628
1496,153629000,Tugaya,15,1536,153629
1497,153630000,Wao,15,1536,153630
1498,153631000,Marogong,15,1536,153631
1499,153632000,Calanogas,15,1536,153632
1500,153633000,Buadiposo-Buntong,15,1536,153633
1501,153634000,Maguing,15,1536,153634
1502,153635000,Picong (Sultan Gumander),15,1536,153635
1503,153636000,Lumbayanague,15,1536,153636
1504,153637000,Bumbaran,15,1536,153637
1505,153638000,Tagoloan Ii,15,1536,153638
1506,153639000,Kapatagan,15,1536,153639
1507,153640000,Sultan Dumalondong,15,1536,153640
1508,153641000,Lumbaca-Unayan,15,1536,153641
1509,153801000,Ampatuan,15,1538,153801
1510,153802000,Buldon,15,1538,153802
1511,153803000,Buluan,15,1538,153803
1512,153805000,Datu Paglas,15,1538,153805
1513,153806000,Datu Piang,15,1538,153806
1514,153807000,Datu Odin Sinsuat (Dinaig),15,1538,153807
1515,153808000,Shariff Aguak (Maganoy) (Capital),15,1538,153808
1516,153809000,Matanog,15,1538,153809
1517,153810000,Pagalungan,15,1538,153810
1518,153811000,Parang,15,1538,153811
1519,153812000,Sultan Kudarat (Nuling),15,1538,153812
1520,153813000,Sultan Sa Barongis (Lambayong),15,1538,153813
1521,153814000,Kabuntalan (Tumbao),15,1538,153814
1522,153815000,Upi,15,1538,153815
1523,153816000,Talayan,15,1538,153816
1524,153817000,South Upi,15,1538,153817
1525,153818000,Barira,15,1538,153818
1526,153819000,Gen. S. K. Pendatun,15,1538,153819
1527,153820000,Mamasapano,15,1538,153820
1528,153821000,Talitay,15,1538,153821
1529,153822000,Pagagawan,15,1538,153822
1530,153823000,Paglat,15,1538,153823
1531,153824000,Sultan Mastura,15,1538,153824
1532,153825000,Guindulungan,15,1538,153825
1533,153826000,Datu Saudi-Ampatuan,15,1538,153826
1534,153827000,Datu Unsay,15,1538,153827
1535,153828000,Datu Abdullah Sangki,15,1538,153828
1536,153829000,Rajah Buayan,15,1538,153829
1537,153830000,Datu Blah T. Sinsuat,15,1538,153830
1538,153831000,Datu Anggal Midtimbang,15,1538,153831
1539,153832000,Mangudadatu,15,1538,153832
1540,153833000,Pandag,15,1538,153833
1541,153834000,Northern Kabuntalan,15,1538,153834
1542,153835000,Datu Hoffer Ampatuan,15,1538,153835
1543,153836000,Datu Salibo,15,1538,153836
1544,153837000,Shariff Saydona Mustapha,15,1538,153837
1545,156601000,Indanan,15,1566,156601
1546,156602000,Jolo (Capital),15,1566,156602
1547,156603000,Kalingalan Caluang,15,1566,156603
1548,156604000,Luuk,15,1566,156604
1549,156605000,Maimbung,15,1566,156605
1550,156606000,Hadji Panglima Tahil (Marunggas),15,1566,156606
1551,156607000,Old Panamao,15,1566,156607
1552,156608000,Pangutaran,15,1566,156608
1553,156609000,Parang,15,1566,156609
1554,156610000,Pata,15,1566,156610
1555,156611000,Patikul,15,1566,156611
1556,156612000,Siasi,15,1566,156612
1557,156613000,Talipao,15,1566,156613
1558,156614000,Tapul,15,1566,156614
1559,156615000,Tongkil,15,1566,156615
1560,156616000,Panglima Estino (New Panamao),15,1566,156616
1561,156617000,Lugus,15,1566,156617
1562,156618000,Pandami,15,1566,156618
1563,156619000,Omar,15,1566,156619
1564,157001000,Panglima Sugala (Balimbing),15,1570,157001
1565,157002000,Bongao (Capital),15,1570,157002
1566,157003000,Mapun (Cagayan De Tawi-Tawi),15,1570,157003
1567,157004000,Simunul,15,1570,157004
1568,157005000,Sitangkai,15,1570,157005
1569,157006000,South Ubian,15,1570,157006
1570,157007000,Tandubas,15,1570,157007
1571,157008000,Turtle Islands,15,1570,157008
1572,157009000,Languyan,15,1570,157009
1573,157010000,Sapa-Sapa,15,1570,157010
1574,157011000,Sibutu,15,1570,157011
1575,160201000,Buenavista,16,1602,160201
1576,160202000,Butuan City (Capital),16,1602,160202
1577,160203000,City Of Cabadbaran,16,1602,160203
1578,160204000,Carmen,16,1602,160204
1579,160205000,Jabonga,16,1602,160205
1580,160206000,Kitcharao,16,1602,160206
1581,160207000,Las Nieves,16,1602,160207
1582,160208000,Magallanes,16,1602,160208
1583,160209000,Nasipit,16,1602,160209
1584,160210000,Santiago,16,1602,160210
1585,160211000,Tubay,16,1602,160211
1586,160212000,Remedios T. Romualdez,16,1602,160212
1587,160301000,City Of Bayugan,16,1603,160301
1588,160302000,Bunawan,16,1603,160302
1589,160303000,Esperanza,16,1603,160303
1590,160304000,La Paz,16,1603,160304
1591,160305000,Loreto,16,1603,160305
1592,160306000,Prosperidad (Capital),16,1603,160306
1593,160307000,Rosario,16,1603,160307
1594,160308000,San Francisco,16,1603,160308
1595,160309000,San Luis,16,1603,160309
1596,160310000,Santa Josefa,16,1603,160310
1597,160311000,Talacogon,16,1603,160311
1598,160312000,Trento,16,1603,160312
1599,160313000,Veruela,16,1603,160313
1600,160314000,Sibagat,16,1603,160314
1601,166701000,Alegria,16,1667,166701
1602,166702000,Bacuag,16,1667,166702
1603,166704000,Burgos,16,1667,166704
1604,166706000,Claver,16,1667,166706
1605,166707000,Dapa,16,1667,166707
1606,166708000,Del Carmen,16,1667,166708
1607,166710000,General Luna,16,1667,166710
1608,166711000,Gigaquit,16,1667,166711
1609,166714000,Mainit,16,1667,166714
1610,166715000,Malimono,16,1667,166715
1611,166716000,Pilar,16,1667,166716
1612,166717000,Placer,16,1667,166717
1613,166718000,San Benito,16,1667,166718
1614,166719000,San Francisco (Anao-Aon),16,1667,166719
1615,166720000,San Isidro,16,1667,166720
1616,166721000,Santa Monica (Sapao),16,1667,166721
1617,166722000,Sison,16,1667,166722
1618,166723000,Socorro,16,1667,166723
1619,166724000,Surigao City (Capital),16,1667,166724
1620,166725000,Tagana-An,16,1667,166725
1621,166727000,Tubod,16,1667,166727
1622,166801000,Barobo,16,1668,166801
1623,166802000,Bayabas,16,1668,166802
1624,166803000,City Of Bislig,16,1668,166803
1625,166804000,Cagwait,16,1668,166804
1626,166805000,Cantilan,16,1668,166805
1627,166806000,Carmen,16,1668,166806
1628,166807000,Carrascal,16,1668,166807
1629,166808000,Cortes,16,1668,166808
1630,166809000,Hinatuan,16,1668,166809
1631,166810000,Lanuza,16,1668,166810
1632,166811000,Lianga,16,1668,166811
1633,166812000,Lingig,16,1668,166812
1634,166813000,Madrid,16,1668,166813
1635,166814000,Marihatag,16,1668,166814
1636,166815000,San Agustin,16,1668,166815
1637,166816000,San Miguel,16,1668,166816
1638,166817000,Tagbina,16,1668,166817
1639,166818000,Tago,16,1668,166818
1640,166819000,City Of Tandag (Capital),16,1668,166819
1641,168501000,Basilisa (Rizal),16,1685,168501
1642,168502000,Cagdianao,16,1685,168502
1643,168503000,Dinagat,16,1685,168503
1644,168504000,Libjo (Albor),16,1685,168504
1645,168505000,Loreto,16,1685,168505
1646,168506000,San Jose (Capital),16,1685,168506
1647,168507000,Tubajon,16,1685,168507
