sourceKey,transactionType,taxType,taxCode,taxDescription,taxRate,taxExempt,taxAlias,atc,officialAtcCode,natureOfIncome,sortOrder,status
PH-TAX-0001,Purchases,EWT,WB 030,WB 030 | Tax on carriers and keepers of garages,3,,,WB 030,WB 030,Tax on carriers and keepers of garages,,ACTIVE
PH-TAX-0002,Purchases,INPUT VAT,V3,Services,12,,,,,,60,ACTIVE
PH-TAX-0003,Sales,CWT,W0,Withholding Tax 0%,0,,,0,,,,ACTIVE
PH-TAX-0004,Importation,INPUT VAT,D0,Domestic Purchase of Goods,12,,,,,,,ACTIVE
PH-TAX-0005,Sales,WVAT,W0,Withholding Vatable Tax 0%,0,,,,,,,ACTIVE
PH-TAX-0006,Purchases,EWT,WI 840,"WI 840 | Income payments made by top withholding agents either private corporations or individuals, to the manufacturers and direct importers of motor vehicles in Completely Built Units (CBUs) or Semi-Knockdown (SKD) units, motor vehicle parts and accessories",0.5,,,WI 840,WI 840,"Income payments made by top withholding agents either private corporations or individuals, to the manufacturers and direct importers of motor vehicles in Completely Built Units (CBUs) or Semi-Knockdown (SKD) units, motor vehicle parts and accessories",,ACTIVE
PH-TAX-0007,Purchases,EWT,WC 840,"WC 840 | Income payments made by top withholding agents either private corporations or individuals, to the manufacturers and direct importers of motor vehicles in Completely Built Units (CBUs) or Semi-Knockdown (SKD) units, motor vehicle parts and accessories",0.5,,,WC 840,WC 840,"Income payments made by top withholding agents either private corporations or individuals, to the manufacturers and direct importers of motor vehicles in Completely Built Units (CBUs) or Semi-Knockdown (SKD) units, motor vehicle parts and accessories",,ACTIVE
PH-TAX-0008,Purchases,EWT,WI 850,"WI 850 | Income payments made by top withholding agents, either private corporations or individuals, to the manufacturers and direct importers of medicine/pharmaceutical products",0.5,,,WI 850,WI 850,"Income payments made by top withholding agents, either private corporations or individuals, to the manufacturers and direct importers of medicine/pharmaceutical products",,ACTIVE
PH-TAX-0009,Purchases,EWT,WC 850,"WC 850 | Income payments made by top withholding agents, either private corporations or individuals, to the manufacturers and direct importers of medicine/pharmaceutical products",0.5,,,WC 850,WC 850,"Income payments made by top withholding agents, either private corporations or individuals, to the manufacturers and direct importers of medicine/pharmaceutical products",,ACTIVE
PH-TAX-0010,Purchases,EWT,WC 860,"WC 860 | Income payments made by top withholding agents, either private corporations or individuals, to the manufacturers and direct importers of solid or liquid fuels and related products",0.5,,,WC 860,WC 860,"Income payments made by top withholding agents, either private corporations or individuals, to the manufacturers and direct importers of solid or liquid fuels and related products",,ACTIVE
PH-TAX-0011,Purchases,EWT,WI 860,"WI 860 | Income payments made by top withholding agents, either private corporations or individuals, to the manufacturers and direct importers of solid or liquid fuels and related products",0.5,,,WI 860,WI 860,"Income payments made by top withholding agents, either private corporations or individuals, to the manufacturers and direct importers of solid or liquid fuels and related products",,ACTIVE
PH-TAX-0012,Sales,OUTPUT VAT,V1,Output VAT,12,,,,,,10,ACTIVE
PH-TAX-0013,Sales,OUTPUT VAT,V0,VAT Exempt,0,TRUE,,,,,20,ACTIVE
PH-TAX-0014,Sales,CWT,W0.5,Withholding Tax 0.5%,0.5,,,W0.5,,,,ACTIVE
PH-TAX-0015,Sales,WVAT,W1,Withholding Vatable Tax 1%,1,,,,,,,ACTIVE
PH-TAX-0016,Importation,INPUT VAT,D1,Domestic Purchase of Services,12,,,,,,,ACTIVE
PH-TAX-0017,Sales,CWT,W1,Withholding Tax 1%,1,,g,WC 158,WC 158,Purchase of local goods,,ACTIVE
PH-TAX-0018,Purchases,INPUT VAT,V4,Capital Goods,12,,,,,,40,ACTIVE
PH-TAX-0019,Purchases,EWT,WB 040,WB 040 | Franchise Tax on Gas and Water Utilities,2,,,WB 040,WB 040,Franchise Tax on Gas and Water Utilities,,ACTIVE
PH-TAX-0020,Purchases,EWT,WB 050,WB 050 | Franchise Tax on radio & TV broadcasting companies whose annual gross receipts does not exceed P10M and who are not Value-Added Tax registered taxpayers,3,,,WB 050,WB 050,Franchise Tax on radio & TV broadcasting companies whose annual gross receipts does not exceed P10M and who are not Value-Added Tax registered taxpayers,,ACTIVE
PH-TAX-0021,Purchases,INPUT VAT,V5,Other than Capital Goods,12,,,,,,50,ACTIVE
PH-TAX-0022,Sales,CWT,W2,Withholding Tax 2%,2,,s,WC 120,WC 120,Prime contractor/subcontractors (supplier of services),,ACTIVE
PH-TAX-0023,Importation,INPUT VAT,D2,Importation of Goods,12,,,,,,,ACTIVE
PH-TAX-0024,Sales,WVAT,W2,Withholding Vatable Tax 2%,2,,,,,,,ACTIVE
PH-TAX-0025,Sales,OUTPUT VAT,V2,Zero Rated,0,,,,,,30,ACTIVE
PH-TAX-0026,Sales,WVAT,W5,Withholding Vatable Tax 5%,5,,,,,,,ACTIVE
PH-TAX-0027,Importation,INPUT VAT,D3,Domestic Purchase of Goods,12,,,,,,,ACTIVE
PH-TAX-0028,Sales,CWT,W5,Withholding Tax 5%,5,,r,WC 100,WC 100,Rental Fees,,ACTIVE
PH-TAX-0029,Purchases,INPUT VAT,V0,VAT Exempt,0,TRUE,,,,,30,ACTIVE
PH-TAX-0030,Purchases,EWT,WB 070,WB 070 | Tax on life insurance premiums,5,,,WB 070,WB 070,Tax on life insurance premiums,,ACTIVE
PH-TAX-0031,Purchases,EWT,WB 080,WB 080 | Person exempt from VAT under Sec. 109 (v) (Government withholding agent),3,,,WB 080,WB 080,Person exempt from VAT under Sec. 109 (v) (Government withholding agent),,ACTIVE
PH-TAX-0032,Purchases,INPUT VAT,V2,Zero Rated,0,,,,,,20,ACTIVE
PH-TAX-0033,Importation,INPUT VAT,V1,VAT Exempt,0,TRUE,,,,,,ACTIVE
PH-TAX-0034,Sales,WVAT,W10,Withholding Vatable Tax 10%,10,,,,,,,ACTIVE
PH-TAX-0035,Sales,CWT,W7,Withholding Tax 7%,7,,,WB 104,WB 104,"On net trading gains within the taxable year on foreign currency,debt securities, derivatives, and other financial instruments",,ACTIVE
PH-TAX-0036,Importation,INPUT VAT,V0,Zero-rated,0,,,,,,,ACTIVE
PH-TAX-0037,Sales,CWT,W10,Withholding Tax 10%,10,,,WC 140,WC 140,"Professional/talent fees paid to juridical persons/individuals (lawyers, CPAs, etc.)",,ACTIVE
PH-TAX-0038,Purchases,EWT,WB 082,WB 082 | Person exempt from VAT under Sec. 109 (v) (Private withholding agent),3,,,WB 082,WB 082,Person exempt from VAT under Sec. 109 (v) (Private withholding agent),,ACTIVE
PH-TAX-0039,Purchases,EWT,WB 084,WB 084 | Person exempt from VAT under Sec. 109 (v),3,,,WB 084,WB 084,Person exempt from VAT under Sec. 109 (v),,ACTIVE
PH-TAX-0040,Sales,CWT,W15,Withholding Tax 15%,15,,,WC015,WC 015,"Professional (Lawyers, CPAs, Engineers, etc.) - If gross income exceeds P720,000",,ACTIVE
PH-TAX-0041,Purchases,EWT,WB 090,"WB 090 | Tax on Overseas Dispatch, Message or Conversation originating from the Phils",10,,,WB 090,WB 090,"Tax on Overseas Dispatch, Message or Conversation originating from the Phils",,ACTIVE
PH-TAX-0042,Sales,CWT,W25,Withholding Tax 25%,25,,,WC 230,WC 230,All Others - On other payments to NRFC,,ACTIVE
PH-TAX-0043,Purchases,EWT,WB 103,"WB 103 | Tax on Banks and Non-Bank Financial Intermediaries Performing Quasi-Banking Functions - Tax on royalties, rentals of property, real or personal, profits from exchange & all other items treated as gross income under Section 32 of the Code",7,,,WB 103,WB 103,"Tax on Banks and Non-Bank Financial Intermediaries Performing Quasi-Banking Functions - Tax on royalties, rentals of property, real or personal, profits from exchange & all other items treated as gross income under Section 32 of the Code",,ACTIVE
PH-TAX-0044,Purchases,EWT,WB 104,"WB 104 | On net trading gains within the taxable year on foreign currency,debt securities, derivatives, and other financial instruments",7,,,WB 104,WB 104,"On net trading gains within the taxable year on foreign currency,debt securities, derivatives, and other financial instruments",,ACTIVE
PH-TAX-0045,Purchases,EWT,WB 108,"WB 108 | Tax on Other Non-Banks Financial Intermediaries Not Performing Quasi-Banking Functions. On interest, commissions and discounts from lending activities as well as income from financial leasing, on the basis of the remaining maturities of instrument from which such receipts are derived - Maturity period is five years or less",5,,,WB 108,WB 108,"Tax on Other Non-Banks Financial Intermediaries Not Performing Quasi-Banking Functions. On interest, commissions and discounts from lending activities as well as income from financial leasing, on the basis of the remaining maturities of instrument from which such receipts are derived - Maturity period is five years or less",,ACTIVE
PH-TAX-0046,Purchases,EWT,WB 109,"WB 109 | Tax on Other Non-Banks Financial Intermediaries Not Performing Quasi-Banking Functions. On interest, commissions and discounts from lending activities as well as income from financial leasing, on the basis of the remaining maturities of instrument from which such receipts are derived - Maturity period is more than five years",1,,,WB 109,WB 109,"Tax on Other Non-Banks Financial Intermediaries Not Performing Quasi-Banking Functions. On interest, commissions and discounts from lending activities as well as income from financial leasing, on the basis of the remaining maturities of instrument from which such receipts are derived - Maturity period is more than five years",,ACTIVE
PH-TAX-0047,Purchases,EWT,WB 110,WB 110 | Tax on Other Non-Banks Financial Intermediaries Not Performing Quasi-Banking Functions. On all other items treated as gross income under the code,5,,,WB 110,WB 110,Tax on Other Non-Banks Financial Intermediaries Not Performing Quasi-Banking Functions. On all other items treated as gross income under the code,,ACTIVE
PH-TAX-0048,Purchases,EWT,WB 120,WB 120 | Business Tax on Agents of foreign insurance co. - insurance agents,10,,,WB 120,WB 120,Business Tax on Agents of foreign insurance co. - insurance agents,,ACTIVE
PH-TAX-0049,Purchases,EWT,WB 121,WB 121 | Business Tax on Agents of foreign insurance co. - owner of the property,5,,,WB 121,WB 121,Business Tax on Agents of foreign insurance co. - owner of the property,,ACTIVE
PH-TAX-0050,Purchases,EWT,WB 130,WB 130 | Tax on International Carriers,3,,,WB 130,WB 130,Tax on International Carriers,,ACTIVE
PH-TAX-0051,Purchases,EWT,WB 140,WB 140 | Tax on Cockpits,18,,,WB 140,WB 140,Tax on Cockpits,,ACTIVE
PH-TAX-0052,Purchases,EWT,WB 150,"WB 150 | Tax on Cabaret, night and day club",18,,,WB 150,WB 150,"Tax on Cabaret, night and day club",,ACTIVE
PH-TAX-0053,Purchases,EWT,WB 160,WB 160 | Tax on Boxing exhibitions,10,,,WB 160,WB 160,Tax on Boxing exhibitions,,ACTIVE
PH-TAX-0054,Purchases,EWT,WB 170,WB 170 | Tax on Professional basketball games,15,,,WB 170,WB 170,Tax on Professional basketball games,,ACTIVE
PH-TAX-0055,Purchases,EWT,WB 180,WB 180 | Tax on jai-alai and race tracks,30,,,WB 180,WB 180,Tax on jai-alai and race tracks,,ACTIVE
PH-TAX-0056,Purchases,EWT,WB 191,WB 191 | Tax on Winnings and Prizes (Sec. 126) - Government withholding agent,4,,,WB 191,WB 191,Tax on Winnings and Prizes (Sec. 126) - Government withholding agent,,ACTIVE
PH-TAX-0057,Purchases,EWT,WB 192,WB 192 | Tax on Winnings and Prizes on horse races/owners of winning horses (Sec. 126) - Government withholding agent,10,,,WB 192,WB 192,Tax on Winnings and Prizes on horse races/owners of winning horses (Sec. 126) - Government withholding agent,,ACTIVE
PH-TAX-0058,Purchases,EWT,WB 193,WB 193 | Tax on Winnings and Prizes (Sec. 126) - Private withholding agent,4,,,WB 193,WB 193,Tax on Winnings and Prizes (Sec. 126) - Private withholding agent,,ACTIVE
PH-TAX-0059,Purchases,EWT,WB 194,WB 194 | Tax on Winnings and Prizes on horse races/owners of winning horses (Sec. 126) - Private withholding agent,10,,,WB 194,WB 194,Tax on Winnings and Prizes on horse races/owners of winning horses (Sec. 126) - Private withholding agent,,ACTIVE
PH-TAX-0060,Purchases,EWT,WB 200,"WB 200 | Tax on sale, barter or exchange of stocks listed & traded through Local Stock Exchange",0.5,,,WB 200,WB 200,"Tax on sale, barter or exchange of stocks listed & traded through Local Stock Exchange",,ACTIVE
PH-TAX-0061,Purchases,EWT,WB 201,WB 201 | Tax on shares of stock sold or exchanged through initial and secondary public offering - Not over 25%,4,,,WB 201,WB 201,Tax on shares of stock sold or exchanged through initial and secondary public offering - Not over 25%,,ACTIVE
PH-TAX-0062,Purchases,EWT,WB 202,WB 202 | Tax on shares of stock sold or exchanged through initial and secondary public offering - Over 25% but not exceeding 33 1/3 %,2,,,WB 202,WB 202,Tax on shares of stock sold or exchanged through initial and secondary public offering - Over 25% but not exceeding 33 1/3 %,,ACTIVE
PH-TAX-0063,Purchases,EWT,WB 203,WB 203 | Tax on shares of stock sold or exchanged through initial and secondary public offering - Over 33 1/3%,1,,,WB 203,WB 203,Tax on shares of stock sold or exchanged through initial and secondary public offering - Over 33 1/3%,,ACTIVE
PH-TAX-0064,Purchases,EWT,WB 301,"WB 301 | Tax on Banks and Non-Bank Financial Intermediaries Performing Quasi-Banking Functions. On interest, commissions and discounts from lending activities well as income from financial leasing, on the basis of the remaining maturities of instrument from which such receipts are derived - Maturity period is five years or less",5,,,WB 301,WB 301,"Tax on Banks and Non-Bank Financial Intermediaries Performing Quasi-Banking Functions. On interest, commissions and discounts from lending activities well as income from financial leasing, on the basis of the remaining maturities of instrument from which such receipts are derived - Maturity period is five years or less",,ACTIVE
PH-TAX-0065,Purchases,EWT,WB 303,"WB 303 | Tax on Banks and Non-Bank Financial Intermediaries Performing Quasi-Banking Functions. On interest, commissions and discounts from lending activities well as income from financial leasing, on the basis of the remaining maturities of instrument from which such receipts are derived - Maturity period is more than five years",1,,,WB 303,WB 303,"Tax on Banks and Non-Bank Financial Intermediaries Performing Quasi-Banking Functions. On interest, commissions and discounts from lending activities well as income from financial leasing, on the basis of the remaining maturities of instrument from which such receipts are derived - Maturity period is more than five years",,ACTIVE
PH-TAX-0066,Purchases,EWT,WC 010,"WC 010 | Professional (Lawyers, CPAs, Engineers, etc.)",10,,,WC 010,WC 010,"Professional (Lawyers, CPAs, Engineers, etc.)",50,ACTIVE
PH-TAX-0067,Purchases,EWT,WC 011,"WC 011 | Professional (Lawyers, CPAs, Engineers, etc.)",15,,,WC 011,WC 011,"Professional (Lawyers, CPAs, Engineers, etc.)",50,ACTIVE
PH-TAX-0068,Purchases,EWT,WC 020,"WC 020 | Professional Entertainers Such as, but Not Limited to Actors and Actresses, Singers, Lyricists, Composers, Emcees - If the current year's gross income does not exceed P720,000.00",10,,,WC 020,WC 020,"Professional Entertainers Such as, but Not Limited to Actors and Actresses, Singers, Lyricists, Composers, Emcees - If the current year's gross income does not exceed P720,000.00",,ACTIVE
PH-TAX-0069,Purchases,EWT,WC 021,"WC 021 | Professional Entertainers Such as, but Not Limited to Actors and Actresses, Singers, Lyricists, Composers, Emcees - If the current year's gross income exceeds P720,000.00",15,,,WC 021,WC 021,"Professional Entertainers Such as, but Not Limited to Actors and Actresses, Singers, Lyricists, Composers, Emcees - If the current year's gross income exceeds P720,000.00",,ACTIVE
PH-TAX-0070,Purchases,EWT,WC 030,"WC 030 | Professional Athletes Including Basketball Players, Pelotaris and Jockeys - If the current year's gross income does not exceed P720,000.00",10,,,WC 030,WC 030,"Professional Athletes Including Basketball Players, Pelotaris and Jockeys - If the current year's gross income does not exceed P720,000.00",,ACTIVE
PH-TAX-0071,Purchases,EWT,WC 031,"WC 031 | Professional Athletes Including Basketball Players, Pelotaris and Jockeys - If the current year's gross income exceeds P720,000.00",15,,,WC 031,WC 031,"Professional Athletes Including Basketball Players, Pelotaris and Jockeys - If the current year's gross income exceeds P720,000.00",,ACTIVE
PH-TAX-0072,Purchases,EWT,WC 040,"WC 040 | All Directors and Producers Involved in Movies, Stage, Radio, Television and Musical Productions - If the current year's gross income does not exceed P720,000.00",10,,,WC 040,WC 040,"All Directors and Producers Involved in Movies, Stage, Radio, Television and Musical Productions - If the current year's gross income does not exceed P720,000.00",,ACTIVE
PH-TAX-0073,Purchases,EWT,WC 041,"WC 041 | All Directors and Producers Involved in Movies, Stage, Radio, Television and Musical Productions - If the current year's gross income exceeds P720,000.00",15,,,WC 041,WC 041,"All Directors and Producers Involved in Movies, Stage, Radio, Television and Musical Productions - If the current year's gross income exceeds P720,000.00",,ACTIVE
PH-TAX-0074,Purchases,EWT,WC 050,"WC 050 | Management and Technical Consultants - If the current year's gross income does not exceed P720,000.00",10,,,WC 050,WC 050,"Management and Technical Consultants - If the current year's gross income does not exceed P720,000.00",,ACTIVE
PH-TAX-0075,Purchases,EWT,WC 051,"WC 051 | Management and Technical Consultants - If the current year's gross income exceeds P720,000.00",15,,,WC 051,WC 051,"Management and Technical Consultants - If the current year's gross income exceeds P720,000.00",,ACTIVE
PH-TAX-0076,Purchases,EWT,WC 060,"WC 060 | Business and Bookkeeping Agents and Agencies - If the current year's gross income does not exceed P720,000.00",10,,,WC 060,WC 060,"Business and Bookkeeping Agents and Agencies - If the current year's gross income does not exceed P720,000.00",,ACTIVE
PH-TAX-0077,Purchases,EWT,WC 061,"WC 061 | Business and Bookkeeping Agents and Agencies - If the current year's gross income exceeds P720,000",15,,,WC 061,WC 061,"Business and Bookkeeping Agents and Agencies - If the current year's gross income exceeds P720,000",,ACTIVE
PH-TAX-0078,Purchases,EWT,WC 070,"WC 070 | Insurance Agents and Insurance Adjusters - If the current year's gross income does not exceed P720,000.00",10,,,WC 070,WC 070,"Insurance Agents and Insurance Adjusters - If the current year's gross income does not exceed P720,000.00",,ACTIVE
PH-TAX-0079,Purchases,EWT,WC 071,"WC 071 | Insurance Agents and Insurance Adjusters - If the current year's gross income exceeds P720,000",15,,,WC 071,WC 071,"Insurance Agents and Insurance Adjusters - If the current year's gross income exceeds P720,000",,ACTIVE
PH-TAX-0080,Purchases,EWT,WC 080,"WC 080 | Other Recipients of Talent Fees - If the current year's gross income does not exceed P720,000.00",10,,,WC 080,WC 080,"Other Recipients of Talent Fees - If the current year's gross income does not exceed P720,000.00",,ACTIVE
PH-TAX-0081,Purchases,EWT,WC 081,"WC 081 | Other Recipients of Talent Fees - If the current year's gross income exceeds P720,000",15,,,WC 081,WC 081,"Other Recipients of Talent Fees - If the current year's gross income exceeds P720,000",,ACTIVE
PH-TAX-0082,Purchases,EWT,WC 100,"WC 100 | Rentals : real/personal properties, poles,satellites and transmission facilities, billboards",5,,,WC 100,WC 100,"Rentals : real/personal properties, poles,satellites and transmission facilities, billboards",50,ACTIVE
PH-TAX-0083,Purchases,EWT,WC 110,WC 110 | Cinematographic Film Rentals,5,,,WC 110,WC 110,Cinematographic Film Rentals,,ACTIVE
PH-TAX-0084,Purchases,EWT,WC 120,WC 120 | Income Payments to Certain Contractors,2,,,WC 120,WC 120,Income Payments to Certain Contractors,50,ACTIVE
PH-TAX-0085,Purchases,EWT,WC 139,"WC 139 | Gross Commissions or Service Fees of Customs, Insurance, Stock, Immigration and Commercial Brokers, Fees of Agents of Professional Entertainers and Real Estate Service Practitioners (RESPs), (i.e. Real Estate Consultants, Real Estate Appraisers and Real Estate Brokers) - If the current year's gross income does not exceed P720,000",10,,,WC 139,WC 139,"Gross Commissions or Service Fees of Customs, Insurance, Stock, Immigration and Commercial Brokers, Fees of Agents of Professional Entertainers and Real Estate Service Practitioners (RESPs), (i.e. Real Estate Consultants, Real Estate Appraisers and Real Estate Brokers) - If the current year's gross income does not exceed P720,000",,ACTIVE
PH-TAX-0086,Purchases,EWT,WC 140,"WC 140 | Gross Commissions or Service Fees of Customs, Insurance, Stock, Immigration and Commercial Brokers, Fees of Agents of Professional Entertainers and Real Estate Service Practitioners (RESPs), (i.e. Real Estate Consultants, Real Estate Appraisers and Real Estate Brokers) - If the current year's gross income exceeds P720,000",15,,,WC 140,WC 140,"Gross Commissions or Service Fees of Customs, Insurance, Stock, Immigration and Commercial Brokers, Fees of Agents of Professional Entertainers and Real Estate Service Practitioners (RESPs), (i.e. Real Estate Consultants, Real Estate Appraisers and Real Estate Brokers) - If the current year's gross income exceeds P720,000",,ACTIVE
PH-TAX-0087,Purchases,EWT,WC 150,"WC 150 | Professional Fees Paid to Medical Practitioners (Includes Doctors of Medicine, Doctors of Veterinary Science and Dentists) by Hospitals and Clinics or Paid Directly by Health Maintenance Organizations (HMOs) and/or Similar Establishments - If the current year's gross income exceeds P720,000",15,,,WC 150,WC 150,"Professional Fees Paid to Medical Practitioners (Includes Doctors of Medicine, Doctors of Veterinary Science and Dentists) by Hospitals and Clinics or Paid Directly by Health Maintenance Organizations (HMOs) and/or Similar Establishments - If the current year's gross income exceeds P720,000",25,ACTIVE
PH-TAX-0088,Purchases,EWT,WC 151,"WC 151 | Professional Fees Paid to Medical Practitioners (Includes Doctors of Medicine, Doctors of Veterinary Science and Dentists) by Hospitals and Clinics or Paid Directly by Health Maintenance Organizations (HMOs) and/or Similar Establishments - If the current year's gross income does not exceed P720,000",10,,,WC 151,WC 151,"Professional Fees Paid to Medical Practitioners (Includes Doctors of Medicine, Doctors of Veterinary Science and Dentists) by Hospitals and Clinics or Paid Directly by Health Maintenance Organizations (HMOs) and/or Similar Establishments - If the current year's gross income does not exceed P720,000",25,ACTIVE
PH-TAX-0089,Purchases,EWT,WC 156,WC 156 | Income Payments Made by Credit Card Companies,0.5,,,WC 156,WC 156,Income Payments Made by Credit Card Companies,25,ACTIVE
PH-TAX-0090,Purchases,EWT,WC 157,WC 157 | Income Payments Made by the Government and Government-Owned and Controlled Corporations (GOCCS) to Its Local/Resident Suppliers of Services Other Than Those Covered by Other Rates of Withholding,2,,,WC 157,WC 157,Income Payments Made by the Government and Government-Owned and Controlled Corporations (GOCCS) to Its Local/Resident Suppliers of Services Other Than Those Covered by Other Rates of Withholding,25,ACTIVE
PH-TAX-0091,Purchases,EWT,WC 158,WC 158 | Income Payment Made by Top Withholding Agents to Their Local/Resident Supplier of Goods Other Than Those Covered by Other Rates of Withholding Tax,1,,,WC 158,WC 158,Income Payment Made by Top Withholding Agents to Their Local/Resident Supplier of Goods Other Than Those Covered by Other Rates of Withholding Tax,50,ACTIVE
PH-TAX-0092,Purchases,EWT,WC 160,WC 160 | Income Payment Made by Top Withholding Agents to Their Local/Resident Supplier of Services Other Than Those Covered by Other Rates of Withholding Tax,2,,,WC 160,WC 160,Income Payment Made by Top Withholding Agents to Their Local/Resident Supplier of Services Other Than Those Covered by Other Rates of Withholding Tax,50,ACTIVE
PH-TAX-0093,Purchases,EWT,WC 161,WC 161 | Interest/Yield from Bank Deposits/Deposit Substitutes/Government Securities- Saving Deposit,20,,,WC 161,WC 161,Interest/Yield from Bank Deposits/Deposit Substitutes/Government Securities- Saving Deposit,,ACTIVE
PH-TAX-0094,Purchases,EWT,WC 162,WC 162 | Interest/Yield from Bank Deposits/Deposit Substitutes/Government Securities- Government Securities,20,,,WC 162,WC 162,Interest/Yield from Bank Deposits/Deposit Substitutes/Government Securities- Government Securities,,ACTIVE
PH-TAX-0095,Purchases,EWT,WC 163,WC 163 | Interest/Yield from Bank Deposits/Deposit Substitutes/Government Securities- Deposits Substitutes/Others,20,,,WC 163,WC 163,Interest/Yield from Bank Deposits/Deposit Substitutes/Government Securities- Deposits Substitutes/Others,,ACTIVE
PH-TAX-0096,Purchases,EWT,WC 170,WC 170 | Interest/Yield from Bank Deposits/Deposit Substitutes/Government Securities- Foreign Currency Deposits,7.5,,,WC 170,WC 170,Interest/Yield from Bank Deposits/Deposit Substitutes/Government Securities- Foreign Currency Deposits,,ACTIVE
PH-TAX-0097,Purchases,EWT,WC 180,WC 180 | All Others - Interest on foreign loans payable to NRFCs,20,,,WC 180,WC 180,All Others - Interest on foreign loans payable to NRFCs,,ACTIVE
PH-TAX-0098,Purchases,EWT,WC 190,WC 190 | All Others - Interest and other income payments on foreign currency transaction/loans payable to OBUs,10,,,WC 190,WC 190,All Others - Interest and other income payments on foreign currency transaction/loans payable to OBUs,,ACTIVE
PH-TAX-0099,Purchases,EWT,WC 191,WC 191 | All Others - Interest and other income payments on foreign currency transaction/loans payable to FCDUs,10,,,WC 191,WC 191,All Others - Interest and other income payments on foreign currency transaction/loans payable to FCDUs,,ACTIVE
PH-TAX-0100,Purchases,EWT,WC 212,WC 212 | All Others - Cash dividend payment by domestic corporation to citizen & resident aliens/NRFCs,30,,,WC 212,WC 212,All Others - Cash dividend payment by domestic corporation to citizen & resident aliens/NRFCs,,ACTIVE
PH-TAX-0101,Purchases,EWT,WC 213,WC 213 | All Others - Property dividend payment by domestic corporation to citizens & resident aliens/NRFCs,30,,,WC 213,WC 213,All Others - Property dividend payment by domestic corporation to citizens & resident aliens/NRFCs,,ACTIVE
PH-TAX-0102,Purchases,EWT,WC 222,WC 222 | All Others - Cash dividend payment by domestic corp. to NRFCs whose countries allowed tax deemed paid credit,15,,,WC 222,WC 222,All Others - Cash dividend payment by domestic corp. to NRFCs whose countries allowed tax deemed paid credit,,ACTIVE
PH-TAX-0103,Purchases,EWT,WC 223,WC 223 | All Others - Property dividend payment by domestic corp. to NRFCs whose countries allowed tax deemed paid credit,15,,,WC 223,WC 223,All Others - Property dividend payment by domestic corp. to NRFCs whose countries allowed tax deemed paid credit,,ACTIVE
PH-TAX-0104,Purchases,EWT,WC 230,WC 230 | All Others - On other payments to NRFC,30,,,WC 230,WC 230,All Others - On other payments to NRFC,,ACTIVE
PH-TAX-0105,Purchases,EWT,WC 250,"WC 250 | All Others - Other royalty payments to citizens, resident aliens and NRAETB (other than WI380 and WI 341)/domestic and resident foreign corporation",20,,,WC 250,WC 250,"All Others - Other royalty payments to citizens, resident aliens and NRAETB (other than WI380 and WI 341)/domestic and resident foreign corporation",,ACTIVE
PH-TAX-0106,Purchases,EWT,WC 280,WC 280 | All Others - Branch profit remittances by all corporations except PEZA/SBMA/CDA registered,15,,,WC 280,WC 280,All Others - Branch profit remittances by all corporations except PEZA/SBMA/CDA registered,,ACTIVE
PH-TAX-0107,Purchases,EWT,WC 290,"WC 290 | All Others - On the gross rentals, lease and charter fees derived by non-resident owner or lessor of foreign vessels",4.5,,,WC 290,WC 290,"All Others - On the gross rentals, lease and charter fees derived by non-resident owner or lessor of foreign vessels",,ACTIVE
PH-TAX-0108,Purchases,EWT,WC 300,"WC 300 | All Others - On the gross rentals, lease and charter fees derived by non-resident lessor of aircraft, machineries and other equipment",7.5,,,WC 300,WC 300,"All Others - On the gross rentals, lease and charter fees derived by non-resident lessor of aircraft, machineries and other equipment",,ACTIVE
PH-TAX-0109,Purchases,EWT,WC 310,WC 310 | All Others - Payment to Oil Exploration Service Contractors/Sub-Contractors,8,,,WC 310,WC 310,All Others - Payment to Oil Exploration Service Contractors/Sub-Contractors,,ACTIVE
PH-TAX-0110,Purchases,EWT,WC 340,"WC 340 | All Others - Payments to non-resident individual/foreign corporate cinematographic film owners, lessors or distributors",25,,,WC 340,WC 340,"All Others - Payments to non-resident individual/foreign corporate cinematographic film owners, lessors or distributors",,ACTIVE
PH-TAX-0111,Purchases,EWT,WC 390,WC 390 | All Others - Payments to taxpayer enjoying Preferential Tax Rates/Tax Treaty Rates,5,,,WC 390,WC 390,All Others - Payments to taxpayer enjoying Preferential Tax Rates/Tax Treaty Rates,,ACTIVE
PH-TAX-0112,Purchases,EWT,WC 410,WC 410 | All Others - Informer's cash reward to individuals/juridical person,10,,,WC 410,WC 410,All Others - Informer's cash reward to individuals/juridical person,,ACTIVE
PH-TAX-0113,Purchases,EWT,WC 440,WC 440 | Interest/Yield from Bank Deposits/Deposit Substitutes/Government Securities- Preterminated Long Term Deposit - Less than three (3) years,20,,,WC 440,WC 440,Interest/Yield from Bank Deposits/Deposit Substitutes/Government Securities- Preterminated Long Term Deposit - Less than three (3) years,,ACTIVE
PH-TAX-0114,Purchases,EWT,WC 515,"WC 515 | Commissions, Rebates, Discounts and Other Similar Considerations Paid/ Granted to Independent and/or Exclusive Sales Representatives and Marketing Agents and Sub-Agents of Companies, Including Multi-Level Marketing Companies - If the current year's gross income does not exceed P720,000",10,,,WC 515,WC 515,"Commissions, Rebates, Discounts and Other Similar Considerations Paid/ Granted to Independent and/or Exclusive Sales Representatives and Marketing Agents and Sub-Agents of Companies, Including Multi-Level Marketing Companies - If the current year's gross income does not exceed P720,000",25,ACTIVE
PH-TAX-0115,Purchases,EWT,WC 516,"WC 516 | Commissions, Rebates, Discounts and Other Similar Considerations Paid/ Granted to Independent and/or Exclusive Sales Representatives and Marketing Agents and Sub-Agents of Companies, Including Multi-Level Marketing Companies - If the current year's gross income exceeds P720,000",15,,,WC 516,WC 516,"Commissions, Rebates, Discounts and Other Similar Considerations Paid/ Granted to Independent and/or Exclusive Sales Representatives and Marketing Agents and Sub-Agents of Companies, Including Multi-Level Marketing Companies - If the current year's gross income exceeds P720,000",25,ACTIVE
PH-TAX-0116,Purchases,EWT,WC 535,WC 535 | Payments Made by Pre-Need Companies to Funeral Parlors,1,,,WC 535,WC 535,Payments Made by Pre-Need Companies to Funeral Parlors,,ACTIVE
PH-TAX-0117,Purchases,EWT,WC 540,WC 540 | Tolling Fees Paid to Refineries,5,,,WC 540,WC 540,Tolling Fees Paid to Refineries,,ACTIVE
PH-TAX-0118,Purchases,EWT,WC 555,WC 555 | Sale of Real Property (Ordinary Assets),1.5,,,WC 555,WC 555,Sale of Real Property (Ordinary Assets),,ACTIVE
PH-TAX-0119,Purchases,EWT,WC 556,WC 556 | Sale of Real Property (Ordinary Assets),3,,,WC 556,WC 556,Sale of Real Property (Ordinary Assets),,ACTIVE
PH-TAX-0120,Purchases,EWT,WC 557,WC 557 | Sale of Real Property (Ordinary Assets),5,,,WC 557,WC 557,Sale of Real Property (Ordinary Assets),,ACTIVE
PH-TAX-0121,Purchases,EWT,WC 558,WC 558 | Sale of Real Property (Ordinary Assets),6,,,WC 558,WC 558,Sale of Real Property (Ordinary Assets),,ACTIVE
PH-TAX-0122,Purchases,EWT,WC 610,"WC 610 | Income Payments Made to Suppliers of Agricultural Products in Excess of Cumulative Amount of P300,000 Within the Same Taxable Year",1,,,WC 610,WC 610,"Income Payments Made to Suppliers of Agricultural Products in Excess of Cumulative Amount of P300,000 Within the Same Taxable Year",25,ACTIVE
PH-TAX-0123,Purchases,EWT,WC 630,"WC 630 | Income Payments on Purchases of Minerals, Mineral Products and Quarry Resources, Such as but Not Limited to Silver, Gold, Marble, Granite, Gravel, Sand, Boulders and Other Mineral Products Except Purchases by Bangko Sentral ng Pilipinas",5,,,WC 630,WC 630,"Income Payments on Purchases of Minerals, Mineral Products and Quarry Resources, Such as but Not Limited to Silver, Gold, Marble, Granite, Gravel, Sand, Boulders and Other Mineral Products Except Purchases by Bangko Sentral ng Pilipinas",,ACTIVE
PH-TAX-0124,Purchases,EWT,WC 632,"WC 632 | Income Payments on Purchases of Minerals, Mineral Products and Quarry Resources by Bangko Sentral ng Pilipinas (BSP) from Gold Miners/Suppliers Under PD 1899, as Amended by RA No. 7076",1,,,WC 632,WC 632,"Income Payments on Purchases of Minerals, Mineral Products and Quarry Resources by Bangko Sentral ng Pilipinas (BSP) from Gold Miners/Suppliers Under PD 1899, as Amended by RA No. 7076",,ACTIVE
PH-TAX-0125,Purchases,EWT,WC 640,WC 640 | Income Payments Made by the Government and Government-Owned and Controlled Corporations (GOCCS) to Its Local/Resident Suppliers of Goods Other Than Those Covered by Other Rates of Withholding Tax,1,,,WC 640,WC 640,Income Payments Made by the Government and Government-Owned and Controlled Corporations (GOCCS) to Its Local/Resident Suppliers of Goods Other Than Those Covered by Other Rates of Withholding Tax,25,ACTIVE
PH-TAX-0126,Purchases,EWT,WC 650,WC 650 | On Gross Amount of Refund Given by Meralco to Customers with Active Contracts as Classified by Meralco,15,,,WC 650,WC 650,On Gross Amount of Refund Given by Meralco to Customers with Active Contracts as Classified by Meralco,,ACTIVE
PH-TAX-0127,Purchases,EWT,WC 651,WC 651 | On Gross Amount of Refund Given by Meralco to Customers with Terminated Contracts as Classified by Meralco,15,,,WC 651,WC 651,On Gross Amount of Refund Given by Meralco to Customers with Terminated Contracts as Classified by Meralco,,ACTIVE
PH-TAX-0128,Purchases,EWT,WC 660,WC 660 | Gross of Interest Refund of Meter Deposit Residential Electricity > 200kW MER Individual,10,,,WC 660,WC 660,Gross of Interest Refund of Meter Deposit Residential Electricity > 200kW MER Individual,,ACTIVE
PH-TAX-0129,Purchases,EWT,WC 661,WC 661 | Gross of Interest Refund of Meter Deposit Nonresidential Electricity > 200kW MER Individual,10,,,WC 661,WC 661,Gross of Interest Refund of Meter Deposit Nonresidential Electricity > 200kW MER Individual,,ACTIVE
PH-TAX-0130,Purchases,EWT,WC 662,WC 662 | Gross of Interest Refund of Meter Deposit Residential Electricity > 200kW DU Individual,10,,,WC 662,WC 662,Gross of Interest Refund of Meter Deposit Residential Electricity > 200kW DU Individual,,ACTIVE
PH-TAX-0131,Purchases,EWT,WC 663,WC 663 | Gross of Interest Refund of Meter Deposit Nonresidential Electricity > 200kW DU Individual,15,,,WC 663,WC 663,Gross of Interest Refund of Meter Deposit Nonresidential Electricity > 200kW DU Individual,,ACTIVE
PH-TAX-0132,Purchases,EWT,WC 680,"WC 680 | Income Payments Made by Political Parties and Candidates of Local and National Elections, Corporate",5,,,WC 680,WC 680,"Income Payments Made by Political Parties and Candidates of Local and National Elections, Corporate",,ACTIVE
PH-TAX-0133,Purchases,EWT,WC 690,WC 690 | Income Payments Subject to Withholding Tax Received by Real Estate Investment Trust (REIT),1,,,WC 690,WC 690,Income Payments Subject to Withholding Tax Received by Real Estate Investment Trust (REIT),,ACTIVE
PH-TAX-0134,Purchases,EWT,WC 710,WC 710 | Expanded Withholding Tax Pursuant to RR No. 14-2012 (Corporate),15,,,WC 710,WC 710,Expanded Withholding Tax Pursuant to RR No. 14-2012 (Corporate),,ACTIVE
PH-TAX-0135,Purchases,EWT,WC 720,WC 720 | Income Payments on Locally Produced Raw Sugar,1,,,WC 720,WC 720,Income Payments on Locally Produced Raw Sugar,,ACTIVE
PH-TAX-0136,Purchases,EWT,WI 010,"WI 010 | Professional (Lawyers, CPAs, Engineers, etc.) - If the current year's gross income does not exceed P3,000,000.00",5,,,WI 010,WI 010,"Professional (Lawyers, CPAs, Engineers, etc.) - If the current year's gross income does not exceed P3,000,000.00",50,ACTIVE
PH-TAX-0137,Purchases,EWT,WI 011,"WI 011 | Professional (Lawyers, CPAs, Engineers, etc.) - If the current year's gross income exceeds P3,000,000.00 or VAT registered regardless of amount",10,,,WI 011,WI 011,"Professional (Lawyers, CPAs, Engineers, etc.) - If the current year's gross income exceeds P3,000,000.00 or VAT registered regardless of amount",50,ACTIVE
PH-TAX-0138,Purchases,EWT,WI 020,"WI 020 | Professional Entertainers Such as, but Not Limited to Actors and Actresses, Singers, Lyricists, Composers, Emcees - If the current year's gross income does not exceed P3,000,000.00",5,,,WI 020,WI 020,"Professional Entertainers Such as, but Not Limited to Actors and Actresses, Singers, Lyricists, Composers, Emcees - If the current year's gross income does not exceed P3,000,000.00",,ACTIVE
PH-TAX-0139,Purchases,EWT,WI 021,"WI 021 | Professional Entertainers Such as, but Not Limited to Actors and Actresses, Singers, Lyricists, Composers, Emcees - If the current year's gross income exceeds P3,000,000.00 or VAT registered regardless of amount",10,,,WI 021,WI 021,"Professional Entertainers Such as, but Not Limited to Actors and Actresses, Singers, Lyricists, Composers, Emcees - If the current year's gross income exceeds P3,000,000.00 or VAT registered regardless of amount",,ACTIVE
PH-TAX-0140,Purchases,EWT,WI 030,"WI 030 | Professional Athletes Including Basketball Players, Pelotaris and Jockeys - If the current year's gross income does not exceed P3,000,000.00",5,,,WI 030,WI 030,"Professional Athletes Including Basketball Players, Pelotaris and Jockeys - If the current year's gross income does not exceed P3,000,000.00",,ACTIVE
PH-TAX-0141,Purchases,EWT,WI 031,"WI 031 | Professional Athletes Including Basketball Players, Pelotaris and Jockeys - If the current year's gross income exceeds P3,000,000.00 or VAT registered regardless of amount",10,,,WI 031,WI 031,"Professional Athletes Including Basketball Players, Pelotaris and Jockeys - If the current year's gross income exceeds P3,000,000.00 or VAT registered regardless of amount",,ACTIVE
PH-TAX-0142,Purchases,EWT,WI 040,"WI 040 | All Directors and Producers Involved in Movies, Stage, Radio, Television and Musical Productions - If the current year's gross income does not exceed P3,000,000.00",5,,,WI 040,WI 040,"All Directors and Producers Involved in Movies, Stage, Radio, Television and Musical Productions - If the current year's gross income does not exceed P3,000,000.00",,ACTIVE
PH-TAX-0143,Purchases,EWT,WI 041,"WI 041 | All Directors and Producers Involved in Movies, Stage, Radio, Television and Musical Productions - If the current year's gross income exceeds P3,000,000.00 or VAT registered regardless of amount",10,,,WI 041,WI 041,"All Directors and Producers Involved in Movies, Stage, Radio, Television and Musical Productions - If the current year's gross income exceeds P3,000,000.00 or VAT registered regardless of amount",,ACTIVE
PH-TAX-0144,Purchases,EWT,WI 050,"WI 050 | Management and Technical Consultants - If the current year's gross income does not exceed P3,000,000.00",5,,,WI 050,WI 050,"Management and Technical Consultants - If the current year's gross income does not exceed P3,000,000.00",,ACTIVE
PH-TAX-0145,Purchases,EWT,WI 051,"WI 051 | Management and Technical Consultants - If the current year's gross income exceeds P3,000,000.00 or VAT registered regardless of amount",10,,,WI 051,WI 051,"Management and Technical Consultants - If the current year's gross income exceeds P3,000,000.00 or VAT registered regardless of amount",,ACTIVE
PH-TAX-0146,Purchases,EWT,WI 060,"WI 060 | Business and Bookkeeping Agents and Agencies - If the current year's gross income does not exceed P3,000,000.00",5,,,WI 060,WI 060,"Business and Bookkeeping Agents and Agencies - If the current year's gross income does not exceed P3,000,000.00",,ACTIVE
PH-TAX-0147,Purchases,EWT,WI 061,"WI 061 | Business and Bookkeeping Agents and Agencies - If the current year's gross income exceeds P3,000,000.00 or VAT registered regardless of amount",10,,,WI 061,WI 061,"Business and Bookkeeping Agents and Agencies - If the current year's gross income exceeds P3,000,000.00 or VAT registered regardless of amount",,ACTIVE
PH-TAX-0148,Purchases,EWT,WI 070,"WI 070 | Insurance Agents and Insurance Adjusters - If the current year's gross income does not exceed P3,000,000.00",5,,,WI 070,WI 070,"Insurance Agents and Insurance Adjusters - If the current year's gross income does not exceed P3,000,000.00",,ACTIVE
PH-TAX-0149,Purchases,EWT,WI 071,"WI 071 | Insurance Agents and Insurance Adjusters - If the current year's gross income exceeds P3,000,000.00 or VAT registered regardless of amount",10,,,WI 071,WI 071,"Insurance Agents and Insurance Adjusters - If the current year's gross income exceeds P3,000,000.00 or VAT registered regardless of amount",,ACTIVE
PH-TAX-0150,Purchases,EWT,WI 080,"WI 080 | Other Recipients of Talent Fees - If the current year's gross income does not exceed P3,000,000.00",5,,,WI 080,WI 080,"Other Recipients of Talent Fees - If the current year's gross income does not exceed P3,000,000.00",,ACTIVE
PH-TAX-0151,Purchases,EWT,WI 081,"WI 081 | Other Recipients of Talent Fees - If the current year's gross income exceeds P3,000,000.00 or VAT registered regardless of amount",10,,,WI 081,WI 081,"Other Recipients of Talent Fees - If the current year's gross income exceeds P3,000,000.00 or VAT registered regardless of amount",,ACTIVE
PH-TAX-0152,Purchases,EWT,WI 090,"WI 090 | Fees of Directors Who Are Not Employees of the Company - If the current year's gross income does not exceed P3,000,000.00",5,,,WI 090,WI 090,"Fees of Directors Who Are Not Employees of the Company - If the current year's gross income does not exceed P3,000,000.00",,ACTIVE
PH-TAX-0153,Purchases,EWT,WI 091,"WI 091 | Fees of Directors Who Are Not Employees of the Company - If the current year's gross income exceeds P3,000,000.00 or VAT registered regardless of amount",10,,,WI 091,WI 091,"Fees of Directors Who Are Not Employees of the Company - If the current year's gross income exceeds P3,000,000.00 or VAT registered regardless of amount",,ACTIVE
PH-TAX-0154,Purchases,EWT,WI 100,"WI 100 | Rentals : real/personal properties, poles,satellites and transmission facilities, billboards",5,,,WI 100,WI 100,"Rentals : real/personal properties, poles,satellites and transmission facilities, billboards",,ACTIVE
PH-TAX-0155,Purchases,EWT,WI 110,WI 110 | Cinematographic Film Rentals,5,,,WI 110,WI 110,Cinematographic Film Rentals,,ACTIVE
PH-TAX-0156,Purchases,EWT,WI 120,WI 120 | Income Payments to Certain Contractors,2,,,WI 120,WI 120,Income Payments to Certain Contractors,,ACTIVE
PH-TAX-0157,Purchases,EWT,WI 130,WI 130 | Income Distribution to the Beneficiaries of Estates and Trusts,15,,,WI 130,WI 130,Income Distribution to the Beneficiaries of Estates and Trusts,,ACTIVE
PH-TAX-0158,Purchases,EWT,WI 139,"WI 139 | Gross Commissions or Service Fees of Customs, Insurance, Stock, Immigration and Commercial Brokers, Fees of Agents of Professional Entertainers and Real Estate Service Practitioners (RESPs), (i.e. Real Estate Consultants, Real Estate Appraisers and Real Estate Brokers) - If the current year's gross income does not exceed P3,000,000.00",5,,,WI 139,WI 139,"Gross Commissions or Service Fees of Customs, Insurance, Stock, Immigration and Commercial Brokers, Fees of Agents of Professional Entertainers and Real Estate Service Practitioners (RESPs), (i.e. Real Estate Consultants, Real Estate Appraisers and Real Estate Brokers) - If the current year's gross income does not exceed P3,000,000.00",,ACTIVE
PH-TAX-0159,Purchases,EWT,WI 140,"WI 140 | Gross Commissions or Service Fees of Customs, Insurance, Stock, Immigration and Commercial Brokers, Fees of Agents of Professional Entertainers and Real Estate Service Practitioners (RESPs), (i.e. Real Estate Consultants, Real Estate Appraisers and Real Estate Brokers) - If the current year's gross income exceeds P3,000,000.00 or VAT registered regardless of amount",10,,,WI 140,WI 140,"Gross Commissions or Service Fees of Customs, Insurance, Stock, Immigration and Commercial Brokers, Fees of Agents of Professional Entertainers and Real Estate Service Practitioners (RESPs), (i.e. Real Estate Consultants, Real Estate Appraisers and Real Estate Brokers) - If the current year's gross income exceeds P3,000,000.00 or VAT registered regardless of amount",,ACTIVE
PH-TAX-0160,Purchases,EWT,WI 150,"WI 150 | Professional Fees Paid to Medical Practitioners (Includes Doctors of Medicine, Doctors of Veterinary Science and Dentists) by Hospitals and Clinics or Paid Directly by Health Maintenance Organizations (HMOs) and/or Similar Establishments - If the current year's gross income exceeds P3,000,000.00 or VAT registered regardless of amount",10,,,WI 150,WI 150,"Professional Fees Paid to Medical Practitioners (Includes Doctors of Medicine, Doctors of Veterinary Science and Dentists) by Hospitals and Clinics or Paid Directly by Health Maintenance Organizations (HMOs) and/or Similar Establishments - If the current year's gross income exceeds P3,000,000.00 or VAT registered regardless of amount",,ACTIVE
PH-TAX-0161,Purchases,EWT,WI 151,"WI 151 | Professional Fees Paid to Medical Practitioners (Includes Doctors of Medicine, Doctors of Veterinary Science and Dentists) by Hospitals and Clinics or Paid Directly by Health Maintenance Organizations (HMOs) and/or Similar Establishments - If the current year's gross income does not exceed P3,000,000.00",5,,,WI 151,WI 151,"Professional Fees Paid to Medical Practitioners (Includes Doctors of Medicine, Doctors of Veterinary Science and Dentists) by Hospitals and Clinics or Paid Directly by Health Maintenance Organizations (HMOs) and/or Similar Establishments - If the current year's gross income does not exceed P3,000,000.00",,ACTIVE
PH-TAX-0162,Purchases,EWT,WI 152,"WI 152 | Payment by the General Professional Partnerships (GPPs) to Its Partners - If the current year's gross income does not exceed P720,000.00",10,,,WI 152,WI 152,"Payment by the General Professional Partnerships (GPPs) to Its Partners - If the current year's gross income does not exceed P720,000.00",,ACTIVE
PH-TAX-0163,Purchases,EWT,WI 153,"WI 153 | Payment by the General Professional Partnerships (GPPs) to Its Partners - If the current year's gross income exceeds P720,000.00",15,,,WI 153,WI 153,"Payment by the General Professional Partnerships (GPPs) to Its Partners - If the current year's gross income exceeds P720,000.00",,ACTIVE
PH-TAX-0164,Purchases,EWT,WI 156,WI 156 | Income Payments Made by Credit Card Companies,0.5,,,WI 156,WI 156,Income Payments Made by Credit Card Companies,,ACTIVE
PH-TAX-0165,Purchases,EWT,WI 157,WI 157 | Income Payments Made by the Government and Government-Owned and Controlled Corporations (GOCCS) to Its Local/Resident Suppliers of Services Other Than Those Covered by Other Rates of Withholding Tax,2,,,WI 157,WI 157,Income Payments Made by the Government and Government-Owned and Controlled Corporations (GOCCS) to Its Local/Resident Suppliers of Services Other Than Those Covered by Other Rates of Withholding Tax,,ACTIVE
PH-TAX-0166,Purchases,EWT,WI 158,WI 158 | Income Payment Made by Top Withholding Agents to Their Local/Resident Supplier of Goods Other Than Those Covered by Other Rates of Withholding Tax,1,,,WI 158,WI 158,Income Payment Made by Top Withholding Agents to Their Local/Resident Supplier of Goods Other Than Those Covered by Other Rates of Withholding Tax,50,ACTIVE
PH-TAX-0167,Purchases,EWT,WI 159,"WI 159 | Additional Income Payments to Government Personnel from Importers, Shipping and Airline Companies or Their Agents for Overtime Services",15,,,WI 159,WI 159,"Additional Income Payments to Government Personnel from Importers, Shipping and Airline Companies or Their Agents for Overtime Services",,ACTIVE
PH-TAX-0168,Purchases,EWT,WI 160,WI 160 | Income Payment Made by Top Withholding Agents to Their Local/Resident Supplier of Services Other Than Those Covered by Other Rates of Withholding Tax,2,,,WI 160,WI 160,Income Payment Made by Top Withholding Agents to Their Local/Resident Supplier of Services Other Than Those Covered by Other Rates of Withholding Tax,50,ACTIVE
PH-TAX-0169,Purchases,EWT,WI 161,WI 161 | Interest/Yield from Bank Deposits/Deposit Substitutes/Government Securities- Saving Deposit,20,,,WI 161,WI 161,Interest/Yield from Bank Deposits/Deposit Substitutes/Government Securities- Saving Deposit,,ACTIVE
PH-TAX-0170,Purchases,EWT,WI 162,WI 162 | Interest/Yield from Bank Deposits/Deposit Substitutes/Government Securities- Government Securities,20,,,WI 162,WI 162,Interest/Yield from Bank Deposits/Deposit Substitutes/Government Securities- Government Securities,,ACTIVE
PH-TAX-0171,Purchases,EWT,WI 163,WI 163 | Interest/Yield from Bank Deposits/Deposit Substitutes/Government Securities- Deposits Substitutes/Others,20,,,WI 163,WI 163,Interest/Yield from Bank Deposits/Deposit Substitutes/Government Securities- Deposits Substitutes/Others,,ACTIVE
PH-TAX-0172,Purchases,EWT,WI 170,WI 170 | Interest/Yield from Bank Deposits/Deposit Substitutes/Government Securities- Foreign Currency Deposits,7.5,,,WI 170,WI 170,Interest/Yield from Bank Deposits/Deposit Substitutes/Government Securities- Foreign Currency Deposits,,ACTIVE
PH-TAX-0173,Purchases,EWT,WI 202,WI 202 | All Others - Cash dividend payment by domestic corporation to citizen & resident aliens/NRFCs,10,,,WI 202,WI 202,All Others - Cash dividend payment by domestic corporation to citizen & resident aliens/NRFCs,,ACTIVE
PH-TAX-0174,Purchases,EWT,WI 203,WI 203 | All Others - Property dividend payment by domestic corporation to citizens & resident aliens/NRFCs,10,,,WI 203,WI 203,All Others - Property dividend payment by domestic corporation to citizens & resident aliens/NRFCs,,ACTIVE
PH-TAX-0175,Purchases,EWT,WI 224,WI 224 | All Others - Cash dividend payment by domestic corporation to NRAETB,20,,,WI 224,WI 224,All Others - Cash dividend payment by domestic corporation to NRAETB,,ACTIVE
PH-TAX-0176,Purchases,EWT,WI 225,WI 225 | All Others - Property dividend payment by domestic corporation to NRAETB,20,,,WI 225,WI 225,All Others - Property dividend payment by domestic corporation to NRAETB,,ACTIVE
PH-TAX-0177,Purchases,EWT,WI 226,"WI 226 | All Others - Share of a NRAETB in the distributable net income after tax of a partnership (except General Professional Partnership) of which he is a partner, or share in the net income after tax of an association, a joint account or a joint venture taxable as a corp., of which he is a member or a co-venturer",20,,,WI 226,WI 226,"All Others - Share of a NRAETB in the distributable net income after tax of a partnership (except General Professional Partnership) of which he is a partner, or share in the net income after tax of an association, a joint account or a joint venture taxable as a corp., of which he is a member or a co-venturer",,ACTIVE
PH-TAX-0178,Purchases,EWT,WI 240,"WI 240 | All Others - Distributive share of individual partners in a taxable partnership, association, a joint account or a joint venture or consortium",10,,,WI 240,WI 240,"All Others - Distributive share of individual partners in a taxable partnership, association, a joint account or a joint venture or consortium",,ACTIVE
PH-TAX-0179,Purchases,EWT,WI 250,"WI 250 | All Others - Other royalty payments to citizens, resident aliens and NRAETB (other than WI380 and WI 341)/domestic and resident foreign corporation",20,,,WI 250,WI 250,"All Others - Other royalty payments to citizens, resident aliens and NRAETB (other than WI380 and WI 341)/domestic and resident foreign corporation",,ACTIVE
PH-TAX-0180,Purchases,EWT,WI 260,"WI 260 | All Others - On prizes exceeding P10,000 & other winnings paid to individuals",20,,,WI 260,WI 260,"All Others - On prizes exceeding P10,000 & other winnings paid to individuals",,ACTIVE
PH-TAX-0181,Purchases,EWT,WI 310,WI 310 | All Others - Payment to Oil Exploration Service Contractors/Sub-Contractors,8,,,WI 310,WI 310,All Others - Payment to Oil Exploration Service Contractors/Sub-Contractors,,ACTIVE
PH-TAX-0182,Purchases,EWT,WI 320,"WI 320 | All Others - Payment to Filipinos or Alien individuals employed by Foreign Petroleum Service Contractors/Subcontractors, Offshore Banking Units and Regional or Area Headquarters and Regional Operating Headquarters of Multinational Companies occupying executive/managerial and technical positions",15,,,WI 320,WI 320,"All Others - Payment to Filipinos or Alien individuals employed by Foreign Petroleum Service Contractors/Subcontractors, Offshore Banking Units and Regional or Area Headquarters and Regional Operating Headquarters of Multinational Companies occupying executive/managerial and technical positions",,ACTIVE
PH-TAX-0183,Purchases,EWT,WI 330,WI 330 | All Others - Payments to Non-Resident Alien Not Engaged in Trade or Business (NRAETB) except on sale of shares in domestic corporation and real property,25,,,WI 330,WI 330,All Others - Payments to Non-Resident Alien Not Engaged in Trade or Business (NRAETB) except on sale of shares in domestic corporation and real property,,ACTIVE
PH-TAX-0184,Purchases,EWT,WI 340,"WI 340 | All Others - Payments to non-resident individual/foreign corporate cinematographic film owners, lessors or distributors",25,,,WI 340,WI 340,"All Others - Payments to non-resident individual/foreign corporate cinematographic film owners, lessors or distributors",,ACTIVE
PH-TAX-0185,Purchases,EWT,WI 341,WI 341 | All Others - Royalties paid to NRAETB on cinematographic films and similar works,25,,,WI 341,WI 341,All Others - Royalties paid to NRAETB on cinematographic films and similar works,,ACTIVE
PH-TAX-0186,Purchases,EWT,WI 350,"WI 350 | All Others - Final Tax on interest or other payments upon tax-free covenant bonds, mortgages, deeds of trust or other obligations under Sec. 57C of the National Internal Revenue Code of 1997",30,,,WI 350,WI 350,"All Others - Final Tax on interest or other payments upon tax-free covenant bonds, mortgages, deeds of trust or other obligations under Sec. 57C of the National Internal Revenue Code of 1997",,ACTIVE
PH-TAX-0187,Purchases,EWT,WI 380,"WI 380 | All Others - Royalties paid to citizens, resident aliens & non-resident alien engaged in trade or business (NRAETB) on books, other literary works & musical compositions",10,,,WI 380,WI 380,"All Others - Royalties paid to citizens, resident aliens & non-resident alien engaged in trade or business (NRAETB) on books, other literary works & musical compositions",,ACTIVE
PH-TAX-0188,Purchases,EWT,WI 410,WI 410 | All Others - Informer's cash reward to individuals/juridical person,10,,,WI 410,WI 410,All Others - Informer's cash reward to individuals/juridical person,,ACTIVE
PH-TAX-0189,Purchases,EWT,WI 440,WI 440 | Interest/Yield from Bank Deposits/Deposit Substitutes/Government Securities- Preterminated Long Term Deposit - Less than three (3) years,20,,,WI 440,WI 440,Interest/Yield from Bank Deposits/Deposit Substitutes/Government Securities- Preterminated Long Term Deposit - Less than three (3) years,,ACTIVE
PH-TAX-0190,Purchases,EWT,WI 441,WI 441 | Interest/Yield from Bank Deposits/Deposit Substitutes/Government Securities- Preterminated Long Term Deposit - Three (3) years to less than four (4) years,12,,,WI 441,WI 441,Interest/Yield from Bank Deposits/Deposit Substitutes/Government Securities- Preterminated Long Term Deposit - Three (3) years to less than four (4) years,,ACTIVE
PH-TAX-0191,Purchases,EWT,WI 442,WI 442 | Interest/Yield from Bank Deposits/Deposit Substitutes/Government Securities- Preterminated Long Term Deposit - Four (4) years to less than five (5) years,5,,,WI 442,WI 442,Interest/Yield from Bank Deposits/Deposit Substitutes/Government Securities- Preterminated Long Term Deposit - Four (4) years to less than five (5) years,,ACTIVE
PH-TAX-0192,Purchases,EWT,WI 515,"WI 515 | Commissions, Rebates, Discounts and Other Similar Considerations Paid/Granted to Independent and/or Exclusive Sales Representatives and Marketing Agents and Sub-Agents of Companies, Including Multi-Level Marketing Companies - If the current year's gross income does not exceed P3,000,000.00",5,,,WI 515,WI 515,"Commissions, Rebates, Discounts and Other Similar Considerations Paid/Granted to Independent and/or Exclusive Sales Representatives and Marketing Agents and Sub-Agents of Companies, Including Multi-Level Marketing Companies - If the current year's gross income does not exceed P3,000,000.00",,ACTIVE
PH-TAX-0193,Purchases,EWT,WI 516,"WI 516 | Commissions, Rebates, Discounts and Other Similar Considerations Paid/Granted to Independent and/or Exclusive Sales Representatives and Marketing Agents and Sub-Agents of Companies, Including Multi-Level Marketing Companies - If the current year's gross income exceeds P3,000,000.00 or VAT registered regardless of amount",10,,,WI 516,WI 516,"Commissions, Rebates, Discounts and Other Similar Considerations Paid/Granted to Independent and/or Exclusive Sales Representatives and Marketing Agents and Sub-Agents of Companies, Including Multi-Level Marketing Companies - If the current year's gross income exceeds P3,000,000.00 or VAT registered regardless of amount",,ACTIVE
PH-TAX-0194,Purchases,EWT,WI 530,WI 530 | Gross Payments to Embalmers by Funeral Parlors,1,,,WI 530,WI 530,Gross Payments to Embalmers by Funeral Parlors,,ACTIVE
PH-TAX-0195,Purchases,EWT,WI 535,WI 535 | Payments Made by Pre-Need Companies to Funeral Parlors,1,,,WI 535,WI 535,Payments Made by Pre-Need Companies to Funeral Parlors,,ACTIVE
PH-TAX-0196,Purchases,EWT,WI 540,WI 540 | Tolling Fees Paid to Refineries,5,,,WI 540,WI 540,Tolling Fees Paid to Refineries,,ACTIVE
PH-TAX-0197,Purchases,EWT,WI 555,WI 555 | Sale of Real Property (Ordinary Assets),1.5,,,WI 555,WI 555,Sale of Real Property (Ordinary Assets),,ACTIVE
PH-TAX-0198,Purchases,EWT,WI 556,WI 556 | Sale of Real Property (Ordinary Assets),3,,,WI 556,WI 556,Sale of Real Property (Ordinary Assets),,ACTIVE
PH-TAX-0199,Purchases,EWT,WI 557,WI 557 | Sale of Real Property (Ordinary Assets),5,,,WI 557,WI 557,Sale of Real Property (Ordinary Assets),,ACTIVE
PH-TAX-0200,Purchases,EWT,WI 558,WI 558 | Sale of Real Property (Ordinary Assets),6,,,WI 558,WI 558,Sale of Real Property (Ordinary Assets),,ACTIVE
PH-TAX-0201,Purchases,EWT,WI 610,WI 610 | Income Payments Made to Suppliers of Agricultural Products,1,,,WI 610,WI 610,Income Payments Made to Suppliers of Agricultural Products,,ACTIVE
PH-TAX-0202,Purchases,EWT,WI 630,"WI 630 | Income Payments on Purchases of Minerals, Mineral Products and Quarry Resources",5,,,WI 630,WI 630,"Income Payments on Purchases of Minerals, Mineral Products and Quarry Resources",,ACTIVE
PH-TAX-0203,Purchases,EWT,WI 632,"WI 632 | Income Payments on Purchases of Minerals, Mineral Products and Quarry Resources by Bangko Sentral ng Pilipinas (BSP) from Gold Miners/Suppliers Under PD 1899, as Amended by RA No. 7076",1,,,WI 632,WI 632,"Income Payments on Purchases of Minerals, Mineral Products and Quarry Resources by Bangko Sentral ng Pilipinas (BSP) from Gold Miners/Suppliers Under PD 1899, as Amended by RA No. 7076",,ACTIVE
PH-TAX-0204,Purchases,EWT,WI 640,WI 640 | Income Payments Made by the Government and Government-Owned and Controlled Corporations (GOCCS) to Its Local/Resident Suppliers of Goods Other Than Those Covered by Other Rates of Withholding Tax,1,,,WI 640,WI 640,Income Payments Made by the Government and Government-Owned and Controlled Corporations (GOCCS) to Its Local/Resident Suppliers of Goods Other Than Those Covered by Other Rates of Withholding Tax,,ACTIVE
PH-TAX-0205,Purchases,EWT,WI 650,WI 650 | On Gross Amount of Refund Given by Meralco to Customers with Active Contracts as Classified by Meralco,15,,,WI 650,WI 650,On Gross Amount of Refund Given by Meralco to Customers with Active Contracts as Classified by Meralco,,ACTIVE
PH-TAX-0206,Purchases,EWT,WI 651,WI 651 | On Gross Amount of Refund Given by Meralco to Customers with Terminated Contracts as Classified by Meralco,15,,,WI 651,WI 651,On Gross Amount of Refund Given by Meralco to Customers with Terminated Contracts as Classified by Meralco,,ACTIVE
PH-TAX-0207,Purchases,EWT,WI 660,WI 660 | Gross of Interest Refund of Meter Deposit Residential Electricity > 200kW MER Individual,10,,,WI 660,WI 660,Gross of Interest Refund of Meter Deposit Residential Electricity > 200kW MER Individual,,ACTIVE
PH-TAX-0208,Purchases,EWT,WI 661,WI 661 | Gross of Interest Refund of Meter Deposit Nonresidential Electricity > 200kW MER Individual,10,,,WI 661,WI 661,Gross of Interest Refund of Meter Deposit Nonresidential Electricity > 200kW MER Individual,,ACTIVE
PH-TAX-0209,Purchases,EWT,WI 662,WI 662 | Gross of Interest Refund of Meter Deposit Residential Electricity > 200kW DU Individual,10,,,WI 662,WI 662,Gross of Interest Refund of Meter Deposit Residential Electricity > 200kW DU Individual,,ACTIVE
PH-TAX-0210,Purchases,EWT,WI 663,WI 663 | Gross of Interest Refund of Meter Deposit Nonresidential Electricity > 200kW DU Individual,15,,,WI 663,WI 663,Gross of Interest Refund of Meter Deposit Nonresidential Electricity > 200kW DU Individual,,ACTIVE
PH-TAX-0211,Purchases,EWT,WI 680,"WI 680 | Income Payments Made by Political Parties and Candidates of Local and National Elections, Individual",5,,,WI 680,WI 680,"Income Payments Made by Political Parties and Candidates of Local and National Elections, Individual",,ACTIVE
PH-TAX-0212,Purchases,EWT,WI 710,WI 710 | Interest Income Derived from Any Other Debt Instruments Not Within the Coverage of Deposit Substitutes and Revenue Regulations No. 14-2012,15,,,WI 710,WI 710,Interest Income Derived from Any Other Debt Instruments Not Within the Coverage of Deposit Substitutes and Revenue Regulations No. 14-2012,,ACTIVE
PH-TAX-0213,Purchases,EWT,WI 720,WI 720 | Income Payments on Locally Produced Raw Sugar,1,,,WI 720,WI 720,Income Payments on Locally Produced Raw Sugar,,ACTIVE
PH-TAX-0214,Purchases,EWT,WV 010,WV 010 | VAT Withholding on Purchases of Goods - Government Withholding Agent,5,,,WV 010,WV 010,VAT Withholding on Purchases of Goods - Government Withholding Agent,,ACTIVE
PH-TAX-0215,Purchases,EWT,WV 012,WV 012 | VAT Withholding on Purchase of Goods (with waiver of privilege to claim input tax credits),10,,,WV 012,WV 012,VAT Withholding on Purchase of Goods (with waiver of privilege to claim input tax credits),,ACTIVE
PH-TAX-0216,Purchases,EWT,WV 014,WV 014 | VAT Withholding on Purchase of Goods (with waiver of privilege to claim input tax credits),12,,,WV 014,WV 014,VAT Withholding on Purchase of Goods (with waiver of privilege to claim input tax credits),,ACTIVE
PH-TAX-0217,Purchases,EWT,WV 020,WV 020 | VAT Withholding on Purchases of Services - Government Withholding Agent,5,,,WV 020,WV 020,VAT Withholding on Purchases of Services - Government Withholding Agent,,ACTIVE
PH-TAX-0218,Purchases,EWT,WV 022,WV 022 | VAT Withholding on Purchase of Services (with waiver of privilege to claim input tax credits),10,,,WV 022,WV 022,VAT Withholding on Purchase of Services (with waiver of privilege to claim input tax credits),,ACTIVE
PH-TAX-0219,Purchases,EWT,WV 024,WV 024 | VAT Withholding on Purchase of Services (with waiver of privilege to claim input tax credits),12,,,WV 024,WV 024,VAT Withholding on Purchase of Services (with waiver of privilege to claim input tax credits),,ACTIVE
PH-TAX-0220,Purchases,EWT,WV 030,WV 030 | VAT Withholding on Purchases of Government Public Work Contracts,5,,,WV 030,WV 030,VAT Withholding on Purchases of Government Public Work Contracts,,ACTIVE
PH-TAX-0221,Purchases,EWT,WV 040,WV 040 | VAT Withholding on Non-residents - Government withholding agent,12,,,WV 040,WV 040,VAT Withholding on Non-residents - Government withholding agent,,ACTIVE
PH-TAX-0222,Purchases,EWT,WV 050,WV 050 | VAT Withholding on Non-residents - Private withholding agent,12,,,WV 050,WV 050,VAT Withholding on Non-residents - Private withholding agent,,ACTIVE
PH-TAX-0223,Purchases,EWT,MC021,MC021 | VAT Exempt Zero Rated,0,,,MC021,MC021,VAT Exempt Zero Rated,,ACTIVE
PH-TAX-0224,Purchases,EWT,W1,Withholding Tax 1%,1,,WC 158,W1,WC 158,Purchase of local goods,,ACTIVE
PH-TAX-0225,Purchases,EWT,W2,Withholding Tax 2%,2,,WC 120,W2,WC 120,Prime contractor/subcontractors (supplier of services),,ACTIVE
PH-TAX-0226,Purchases,EWT,W5,Withholding Tax 5%,5,,WC 100,W5,WC 100,Rental Fees,,ACTIVE
PH-TAX-0227,Purchases,EWT,W10,Withholding Tax 10%,10,,WC 140,W10,WC 140,"Professional/talent fees paid to juridical persons/individuals (lawyers, CPAs, etc.)",25,ACTIVE
PH-TAX-0228,Purchases,EWT,W15,Withholding Tax 15%,15,,WC130,W15,WC 130,income distribution to beneficiaries of estates & trusts,25,ACTIVE
PH-TAX-0261,Purchases,INPUT VAT,V6,Non-VAT,0,,,,,,10,INACTIVE
PH-TAX-0229,Purchases,FWT,WC 180,WC 180 | Interest on Foreign loans payable to Non-Resident Foreign Corporation (NRFCs),20,,,WC 180,WC 180,Interest on Foreign loans payable to Non-Resident Foreign Corporation (NRFCs),,ACTIVE
PH-TAX-0230,Purchases,FWT,WC 190,WC 190 | Interest and other income payments on foreign currency transactions/loans payable of Offshore Banking Units (OBUs),0,,,WC 190,WC 190,Interest and other income payments on foreign currency transactions/loans payable of Offshore Banking Units (OBUs),,ACTIVE
PH-TAX-0231,Purchases,FWT,WC 191,WC 191 | Interest and other income payments on foreign currency transactions/loans payable of Foreign Currency Deposits Units (FCDUs),0,,,WC 191,WC 191,Interest and other income payments on foreign currency transactions/loans payable of Foreign Currency Deposits Units (FCDUs),,ACTIVE
PH-TAX-0232,Purchases,FWT,WC 212,WC 212 | Cash dividend payment by domestic corporation to citizens and residents aliens/NRFCs,25,,,WC 212,WC 212,Cash dividend payment by domestic corporation to citizens and residents aliens/NRFCs,,ACTIVE
PH-TAX-0233,Purchases,FWT,WC 213,WC 213 | Property dividend payment by domestic corporation to citizens and resident aliens/NRFCs,25,,,WC 213,WC 213,Property dividend payment by domestic corporation to citizens and resident aliens/NRFCs,,ACTIVE
PH-TAX-0234,Purchases,FWT,WC 222,WC 222 | Cash dividend payment by domestic corporation to NRFCs whose countries allowed tax deemed paid credit (subject to tax sparing rule),0,,,WC 222,WC 222,Cash dividend payment by domestic corporation to NRFCs whose countries allowed tax deemed paid credit (subject to tax sparing rule),,ACTIVE
PH-TAX-0235,Purchases,FWT,WC 223,WC 223 | Property dividend payment by domestic corporation to NRFCs whose countries allowed tax deemed paid credit (subject to tax sparing rule),15,,,WC 223,WC 223,Property dividend payment by domestic corporation to NRFCs whose countries allowed tax deemed paid credit (subject to tax sparing rule),,ACTIVE
PH-TAX-0236,Purchases,FWT,WC 230,WC 230 | On other payments to NRFCs,25,,,WC 230,WC 230,On other payments to NRFCs,,ACTIVE
PH-TAX-0237,Purchases,FWT,WC 250,"WC 250 | All kinds of royalty payments to citizens, resident aliens and NRAETB (other than WI380 and WI341), domestic and resident foreign corporations",20,,,WC 250,WC 250,"All kinds of royalty payments to citizens, resident aliens and NRAETB (other than WI380 and WI341), domestic and resident foreign corporations",,ACTIVE
PH-TAX-0238,Purchases,FWT,WC 280,WC 280 | Branch profit remittance by all corporations except PEZA/SBMA/CDA registered,15,,,WC 280,WC 280,Branch profit remittance by all corporations except PEZA/SBMA/CDA registered,,ACTIVE
PH-TAX-0239,Purchases,FWT,WC 290,"WC 290 | On the gross rentals, lease and charter fees derived by non-resident owner or lessor of foreign vessels",4.5,,,WC 290,WC 290,"On the gross rentals, lease and charter fees derived by non-resident owner or lessor of foreign vessels",,ACTIVE
PH-TAX-0240,Purchases,FWT,WC 300,"WC 300 | On gross rentals, charter and other fees derived by non-resident lessor or aircraft, machineries and equipment",7.5,,,WC 300,WC 300,"On gross rentals, charter and other fees derived by non-resident lessor or aircraft, machineries and equipment",,ACTIVE
PH-TAX-0241,Purchases,FWT,WC 310,WC 310 | On payments to oil exploration service contractors/sub-contractors,0,,,WC 310,WC 310,On payments to oil exploration service contractors/sub-contractors,,ACTIVE
PH-TAX-0242,Purchases,FWT,WC 340,"WC 340 | On payments to non-resident individual/foreign corporate cinematographic film owners, lessors or distributors",25,,,WC 340,WC 340,"On payments to non-resident individual/foreign corporate cinematographic film owners, lessors or distributors",,ACTIVE
PH-TAX-0243,Purchases,FWT,WC 410,WC 410 | Informers cash reward to individuals/juridical persons,10,,,WC 410,WC 410,Informers cash reward to individuals/juridical persons,,ACTIVE
PH-TAX-0244,Purchases,FWT,WC 700,WC 700 | Cash on property dividend paid by a Real Estate Investment Trust,10,,,WC 700,WC 700,Cash on property dividend paid by a Real Estate Investment Trust,,ACTIVE
PH-TAX-0245,Purchases,FWT,WI 202,WI 202 | Cash dividend payment by domestic corporation to citizens and residents aliens/NRFCs,10,,,W1202,W1202,Cash dividend payment by domestic corporation to citizens and residents aliens/NRFCs,,ACTIVE
PH-TAX-0246,Purchases,FWT,WI 203,WI 203 | Property dividend payment by domestic corporation to citizens and resident aliens/NRFCs,10,,,WI203,WI203,Property dividend payment by domestic corporation to citizens and resident aliens/NRFCs,,ACTIVE
PH-TAX-0247,Purchases,FWT,WI 224,WI 224 | Cash dividend payment by domestic corporation to non-resident alien engaged in Trade or Business within the Philippines (NRAETB),20,,,WI224,WI224,Cash dividend payment by domestic corporation to non-resident alien engaged in Trade or Business within the Philippines (NRAETB),,ACTIVE
PH-TAX-0248,Purchases,FWT,WI 225,WI 225 | Property dividend payment by domestic corporation to NRAETB,20,,,WI225,WI225,Property dividend payment by domestic corporation to NRAETB,,ACTIVE
PH-TAX-0249,Purchases,FWT,WI 226,"WI 226 | Share of NRAETB in the distributable net income after tax of a partnership (except GPPs) of which he is a partner, or share in the net income after tax of an association, joint account or a joint venture taxable as a corporation of which he is a member or a co-venturer",20,,,WI226,WI226,"Share of NRAETB in the distributable net income after tax of a partnership (except GPPs) of which he is a partner, or share in the net income after tax of an association, joint account or a joint venture taxable as a corporation of which he is a member or a co-venturer",,ACTIVE
PH-TAX-0250,Purchases,FWT,WI 240,"WI 240 | Distributive share of individual partners in a taxable partnership, association, joint account or joint venture or consortium",10,,,WI240,WI240,"Distributive share of individual partners in a taxable partnership, association, joint account or joint venture or consortium",,ACTIVE
PH-TAX-0251,Purchases,FWT,WI 250,"WI 250 | All kinds of royalty payments to citizens, resident aliens and NRAETB (other than WI380 and WI341), domestic and resident foreign corporations",20,,,WI250,WI250,"All kinds of royalty payments to citizens, resident aliens and NRAETB (other than WI380 and WI341), domestic and resident foreign corporations",,ACTIVE
PH-TAX-0252,Purchases,FWT,WI 260,"WI 260 | On prizes exceeding P10,000.00 and other winnings paid to individuals",20,,,WI260,WI260,"On prizes exceeding P10,000.00 and other winnings paid to individuals",,ACTIVE
PH-TAX-0253,Purchases,FWT,WI 310,WI 310 | On payments to oil exploration service contractors/sub-contractors,0,,,WI310,WI310,On payments to oil exploration service contractors/sub-contractors,,ACTIVE
PH-TAX-0254,Purchases,FWT,WI 330,WI 330 | Payments to non-resident alien not engage in trade or business within the Philippines (NRANETB) except on sale of shares in domestic corporation and real property,25,,,WI330,WI330,Payments to non-resident alien not engage in trade or business within the Philippines (NRANETB) except on sale of shares in domestic corporation and real property,,ACTIVE
PH-TAX-0255,Purchases,FWT,WI 340,"WI 340 | On payments to non-resident individual/foreign corporate cinematographic film owners, lessors or distributors",25,,,WI340,WI340,"On payments to non-resident individual/foreign corporate cinematographic film owners, lessors or distributors",,ACTIVE
PH-TAX-0256,Purchases,FWT,WI 341,WI 341 | Royalties paid to NRAETB on cinematographic films and similar works,25,,,WI341,WI341,Royalties paid to NRAETB on cinematographic films and similar works,,ACTIVE
PH-TAX-0257,Purchases,FWT,WI 350,"WI 350 | Final tax on interest or other payments upon tax-free covenant bonds, mortgages, deeds of trust or other obligations under Sec. 57C of the NIRC of 1997, as amended",30,,,WI350,WI350,"Final tax on interest or other payments upon tax-free covenant bonds, mortgages, deeds of trust or other obligations under Sec. 57C of the NIRC of 1997, as amended",,ACTIVE
PH-TAX-0258,Purchases,FWT,WI 380,"WI 380 | Royalties paid to citizens, resident aliens and NRAETB on books, other literary works and musical compositions",10,,,WI380,WI380,"Royalties paid to citizens, resident aliens and NRAETB on books, other literary works and musical compositions",,ACTIVE
PH-TAX-0259,Purchases,FWT,WI 410,WI 410 | Informers cash reward to individuals/juridical persons,10,,,WI410,WI410,Informers cash reward to individuals/juridical persons,,ACTIVE
PH-TAX-0260,Purchases,FWT,WI 700,WI 700 | Cash on property dividend paid by a Real Estate Investment Trust,10,,,WI700,WI700,Cash on property dividend paid by a Real Estate Investment Trust,,ACTIVE
